"state_name","species_code","common_name","scientific_name","percent_pop_breeding","percent_pop_postbreeding_migration","percent_pop_nonbreeding","percent_pop_prebreeding_migration","max_week_season","max_week","max_week_percent_pop","state_rank_breeding","breeding_habitat_primary","breeding_habitat_secondary"
"California","abetow","Abert's Towhee","Melozone aberti",6.26,6.26,6.26,6.26,"resident","year round resident",NA,"2 of 5","Aridlands:  Desert Riparian","Aridlands:  Desert Scrub"
"California","acowoo","Acorn Woodpecker","Melanerpes formicivorus",37.9,37.9,37.9,37.9,"resident","year round resident",NA,"1 of 5","Forests:  Mesoamerican Pine-Oak","Forests:  Temperate Western"
"California","allhum","Allen's Hummingbird","Selasphorus sasin",99.5,99.47,99.66,99.88,"nonbreeding","10-11",99.96,"1 of 2","Aridlands:  Chaparral",NA
"California","ameavo","American Avocet","Recurvirostra americana",6.07,5.67,8.75,7.55,"prebreeding_migration","03-08",24.37,"2 of 22","Wetlands:  Freshwater Marsh",NA
"California","amebit","American Bittern","Botaurus lentiginosus",0.61,2.78,7.19,1.37,"prebreeding_migration","04-05",35.5,"9 of 26","Wetlands:  Freshwater Marsh",NA
"California","amecro","American Crow","Corvus brachyrhynchos",2.29,2.28,2.85,1.6,"nonbreeding","12-20",3.371,"9 of 49","Open Country:  Habitat Mosaic","Open Country:  Developed/Disturbed"
"California","amedip","American Dipper","Cinclus mexicanus",4.99,4.99,4.99,4.99,"resident","year round resident",NA,"7 of 13","Wetlands:  Lakes and Rivers",NA
"California","amegfi","American Goldfinch","Spinus tristis",0.49,0.91,0.72,0.89,"postbreeding_migration","10-25",1.433,"37 of 45","Open Country:  Habitat Mosaic",NA
"California","amekes","American Kestrel","Falco sparverius",2.2,2.31,2.55,1.74,"nonbreeding","12-20",2.977,"1 of 44","Open Country:  Habitat Mosaic",NA
"California","amepip","American Pipit","Anthus rubescens",0.07,1.32,16.72,1.65,"prebreeding_migration","02-15",20.75,"7 of 9","Tundra:  Alpine","Tundra:  Arctic"
"California","amerob","American Robin","Turdus migratorius",1.14,2.12,5.6,1.58,"nonbreeding","12-27",6.413,"21 of 48","Forests:  Temperate Generalist",NA
"California","amewig","American Wigeon","Mareca americana",0.03,4.7,21.55,5.55,"prebreeding_migration","02-08",24.35,"13 of 16","Wetlands:  Seasonally Wet Grasslands","Wetlands:  Freshwater Marsh"
"California","amwpel","American White Pelican","Pelecanus erythrorhynchos",4.1,3.61,3.62,3.28,"postbreeding_migration","08-23",5.171,"6 of 32","Wetlands:  Lakes and Rivers",NA
"California","annhum","Anna's Hummingbird","Calypte anna",68.62,65.34,71.43,67.14,"nonbreeding","08-09",73.53,"1 of 6","Aridlands:  Chaparral","Forests:  Temperate Western"
"California","arcter","Arctic Tern","Sterna paradisaea",0,0.03,0,0,"postbreeding_migration","09-20",0.7811,NA,"Wetlands:  Tundra","Forests:  Boreal"
"California","astfly","Ash-throated Flycatcher","Myiarchus cinerascens",13.71,9.79,0.63,11.2,"postbreeding_migration","08-02",16.4,"2 of 12","Aridlands:  Desert Scrub","Forests:  Temperate Western"
"California","baisan","Baird's Sandpiper","Calidris bairdii",0,0.03,0,0,"postbreeding_migration","08-30",0.2175,NA,"Tundra:  Arctic",NA
"California","baleag","Bald Eagle","Haliaeetus leucocephalus",0.26,0.2,1.13,0.46,"prebreeding_migration","02-15",1.617,"11 of 47","Wetlands:  Generalist","Coasts:  Beach and Estuary"
"California","banswa","Bank Swallow","Riparia riparia",0.02,0.01,0,0.01,"postbreeding_migration","07-12",0.05731,"22 of 28","Wetlands Aerial:  Lakes and Rivers","Open Country Aerial:  Habitat Mosaic"
"California","bargol","Barrow's Goldeneye","Bucephala islandica",0,0.01,0.03,0,"nonbreeding","01-25",0.03824,NA,"Wetlands:  Forested","Wetlands:  Lakes and Rivers"
"California","barswa","Barn Swallow","Hirundo rustica",0.17,0.09,0,0.06,"breeding","06-21",0.1893,"26 of 49","Open Country Aerial:  Habitat Mosaic",NA
"California","batpig1","Band-tailed Pigeon","Patagioenas fasciata",11.09,27.54,38.81,23.72,"nonbreeding","12-27",47.76,"1 of 9","Forests:  Temperate Western","Forests:  Mesoamerican Highland"
"California","bcnher","Black-crowned Night Heron","Nycticorax nycticorax",0.43,0.36,0.73,0.43,"nonbreeding","12-27",1.079,"3 of 33","Wetlands:  Generalist","Coasts:  Saltmarsh"
"California","belkin1","Belted Kingfisher","Megaceryle alcyon",1.06,1.51,2.68,1.13,"nonbreeding","12-13",2.817,"11 of 48","Wetlands:  Generalist",NA
"California","belspa2","Bell's Sparrow","Artemisiospiza belli",94.11,0,89.7,0,"unidentified","08-09",99.09,"1 of 2","Aridlands:  Chaparral",NA
"California","belvir","Bell's Vireo","Vireo bellii",1.07,0.34,0,0.95,"breeding","06-28",1.481,"10 of 20","Aridlands:  Desert Riparian","Forests:  Temperate Eastern"
"California","benthr","Bendire's Thrasher","Toxostoma bendirei",0.44,0,0,1.24,"breeding","06-07",6.135,"3 of 3","Aridlands:  Desert Scrub",NA
"California","bewwre","Bewick's Wren","Thryomanes bewickii",11.41,0,12.4,0,"nonbreeding","02-01",15.6,"2 of 13","Aridlands:  Desert Scrub","Forests:  Temperate Western"
"California","bkbmag1","Black-billed Magpie","Pica hudsonia",0.61,0.61,0.61,0.61,"resident","year round resident",NA,"12 of 17","Open Country:  Habitat Mosaic",NA
"California","bkbplo","Black-bellied Plover","Pluvialis squatarola",0.71,2.14,3.31,1.09,"postbreeding_migration","07-26",7.016,"4 of 17","Wetlands:  Tundra","Tundra:  Arctic"
"California","bkbwoo","Black-backed Woodpecker","Picoides arcticus",0.74,0.74,0.74,0.74,"resident","year round resident",NA,"3 of 15","Forests:  Boreal","Forests:  Temperate Western"
"California","bkcchi","Black-capped Chickadee","Poecile atricapillus",0.01,0.01,0.01,0.01,"resident","year round resident",NA,"35 of 35","Forests:  Temperate Generalist",NA
"California","bkchum","Black-chinned Hummingbird","Archilochus alexandri",2.78,2.69,0,2.92,"postbreeding_migration","08-30",4.296,"6 of 13","Forests:  Temperate Western","Aridlands:  Desert Riparian"
"California","bkcspa","Black-chinned Sparrow","Spizella atrogularis",8.59,0.76,0,5.92,"breeding","05-31",13.84,"3 of 6","Aridlands:  Chaparral",NA
"California","bkhgro","Black-headed Grosbeak","Pheucticus melanocephalus",15.08,13.28,0,19.75,"prebreeding_migration","04-26",31.29,"1 of 15","Forests:  Temperate Western","Forests:  Mesoamerican Pine-Oak"
"California","bkhpar","Nanday Parakeet","Aratinga nenday",0.12,0.12,0.12,0.12,"resident","year round resident",NA,"2 of 2",NA,NA
"California","bknsti","Black-necked Stilt","Himantopus mexicanus",2.34,3.18,1.49,1.55,"postbreeding_migration","08-23",4.543,"2 of 25","Wetlands:  Freshwater Marsh",NA
"California","bktgna","Black-tailed Gnatcatcher","Polioptila melanura",11.37,11.37,11.37,11.37,"resident","year round resident",NA,"2 of 6","Aridlands:  Desert Scrub",NA
"California","bktspa","Black-throated Sparrow","Amphispiza bilineata",7.55,6.78,5.25,9.56,"prebreeding_migration","03-29",12.1,"5 of 9","Aridlands:  Desert Scrub",NA
"California","blkoys","Black Oystercatcher","Haematopus bachmani",3.8,3.8,3.8,3.8,"resident","year round resident",NA,"3 of 4","Coasts:  Rocky Intertidal",NA
"California","blkpho","Black Phoebe","Sayornis nigricans",27.65,0,27.27,0,"breeding","08-30",34.75,"1 of 8","Wetlands:  Generalist",NA
"California","blksco2","Black Scoter","Melanitta americana",0,0,0.01,0,"nonbreeding","12-06",0.0275,NA,"Wetlands:  Tundra",NA
"California","blkski","Black Skimmer","Rynchops niger",0.7,0.22,0.25,0.26,"breeding","07-19",0.9996,"11 of 15","Coasts:  Beach and Estuary","Coasts:  Saltmarsh"
"California","blkswi","Black Swift","Cypseloides niger",0.23,0.08,0,0.89,"prebreeding_migration","05-24",3.021,"6 of 8","Forest Aerial:  Temperate Western","Forests Aerial:  Mesoamerican Highland"
"California","blkter","Black Tern","Chlidonias niger",0.25,1.15,0,0.12,"postbreeding_migration","09-13",4.971,"10 of 23","Wetlands:  Freshwater Marsh",NA
"California","blktur","Black Turnstone","Arenaria melanocephala",0.03,1.88,2.53,0.84,"nonbreeding","11-29",3.845,"2 of 2","Coasts:  Tundra","Tundra:  Arctic"
"California","blugrb1","Blue Grosbeak","Passerina caerulea",0.69,0.11,0,0.58,"breeding","06-28",0.9258,"22 of 35","Forests:  Temperate Eastern","Aridlands:  Desert Riparian"
"California","bncfly","Brown-crested Flycatcher","Myiarchus tyrannulus",0.07,0,0,0,"breeding","07-05",0.178,"5 of 6","Forests:  Tropical Dry","Aridlands:  Desert Riparian"
"California","bnhcow","Brown-headed Cowbird","Molothrus ater",2.16,1.37,0.95,1.66,"postbreeding_migration","07-19",2.818,"11 of 48","Open Country:  Habitat Mosaic",NA
"California","bongul","Bonaparte's Gull","Chroicocephalus philadelphia",0.01,1.41,9.44,0.98,"nonbreeding","12-20",13.36,"11 of 11","Wetlands:  Boreal",NA
"California","brant","Brant","Branta bernicla",0.01,0.08,1.17,0.79,"prebreeding_migration","04-12",7.002,"3 of 3","Coasts:  Saltmarsh","Coasts:  Tundra"
"California","brdowl","Barred Owl","Strix varia",0.05,0.05,0.05,0.05,"resident","year round resident",NA,"39 of 42","Forests:  Temperate Eastern","Forests:  Temperate Western"
"California","brebla","Brewer's Blackbird","Euphagus cyanocephalus",12.21,17.27,24.49,18.01,"prebreeding_migration","03-15",28.85,"2 of 19","Open Country:  Habitat Mosaic",NA
"California","brespa","Brewer's Sparrow","Spizella breweri",3.37,3.79,1.37,4.63,"prebreeding_migration","04-19",8.027,"8 of 14","Aridlands:  Sagebrush",NA
"California","brncre","Brown Creeper","Certhia americana",9.15,5.05,6.26,6.27,"breeding","07-26",9.922,"1 of 30","Forests:  Temperate Generalist",NA
"California","brnowl","Barn Owl","Tyto alba",0.79,0.79,0.79,0.79,"resident","year round resident",NA,"1 of 12","Open Country:  Habitat Mosaic","Open Country:  Developed/Disturbed"
"California","brnpel","Brown Pelican","Pelecanus occidentalis",4.8,7,3.48,2.9,"postbreeding_migration","08-16",10.14,"3 of 15","Coasts:  Beach and Estuary","Coasts:  Marine Waters"
"California","brthum","Broad-tailed Hummingbird","Selasphorus platycercus",0.13,0.01,0,0.06,"breeding","06-07",0.1779,"10 of 11","Forests:  Temperate Western","Forests:  Mesoamerican Pine-Oak"
"California","btywar","Black-throated Gray Warbler","Setophaga nigrescens",13.08,10.56,0.2,14.19,"prebreeding_migration","04-12",24.58,"3 of 11","Forests:  Temperate Western","Forests:  Mesoamerican Pine-Oak"
"California","buffle","Bufflehead","Bucephala albeola",0.15,2.65,10.83,3.34,"nonbreeding","01-25",12.59,"4 of 10","Wetlands:  Forested","Wetlands:  Lakes and Rivers"
"California","buggna","Blue-gray Gnatcatcher","Polioptila caerulea",2.67,1.48,0.58,1.88,"breeding","07-05",2.927,"16 of 44","Forests:  Generalist",NA
"California","bulori","Bullock's Oriole","Icterus bullockii",11.87,8.02,0.1,16.13,"prebreeding_migration","04-12",49.56,"2 of 17","Forests:  Temperate Western",NA
"California","burowl","Burrowing Owl","Athene cunicularia",0.24,0.17,0.12,0.12,"breeding","06-28",0.4482,"11 of 18","Grasslands:  Temperate","Aridlands:  Desert Scrub"
"California","bushti","Bushtit","Psaltriparus minimus",26.35,26.35,26.35,26.35,"resident","year round resident",NA,"1 of 12","Forests:  Temperate Western","Forests:  Mesoamerican Pine-Oak"
"California","buwtea","Blue-winged Teal","Spatula discors",0.02,0.03,0.09,0.04,"prebreeding_migration","03-01",0.1049,"24 of 28","Wetlands:  Seasonally Wet Grasslands","Wetlands:  Freshwater Marsh"
"California","cacgoo1","Cackling Goose","Branta hutchinsii",0,3.34,7.38,1.22,"prebreeding_migration","02-08",9.694,NA,"Wetlands:  Tundra","Coasts:  Tundra"
"California","cacwre","Cactus Wren","Campylorhynchus brunneicapillus",2.92,2.92,2.92,2.92,"resident","year round resident",NA,"4 of 6","Aridlands:  Desert Scrub",NA
"California","calcon","California Condor","Gymnogyps californianus",66.42,66.42,66.42,66.42,"resident","year round resident",NA,"1 of 3","Aridlands:  Chaparral","Forests:  Temperate Western"
"California","calgna","California Gnatcatcher","Polioptila californica",4.2,4.2,4.2,4.2,"resident","year round resident",NA,"1 of 1","Aridlands:  Chaparral",NA
"California","calgul","California Gull","Larus californicus",10.67,19.19,42.08,22.37,"nonbreeding","12-27",52.88,"2 of 14","Coasts:  Beach and Estuary","Wetlands:  Lakes and Rivers"
"California","calhum","Calliope Hummingbird","Selasphorus calliope",18.69,11.05,0,14.08,"prebreeding_migration","04-19",50.48,"3 of 8","Forests:  Temperate Western",NA
"California","calqua","California Quail","Callipepla californica",25.49,25.49,25.49,25.49,"resident","year round resident",NA,"1 of 7","Aridlands:  Chaparral",NA
"California","calthr","California Thrasher","Toxostoma redivivum",72.25,72.25,72.25,72.25,"resident","year round resident",NA,"1 of 1","Aridlands:  Chaparral",NA
"California","caltow","California Towhee","Melozone crissalis",76.81,76.81,76.81,76.81,"resident","year round resident",NA,"1 of 2","Aridlands:  Chaparral",NA
"California","cangoo","Canada Goose","Branta canadensis",1.37,0.42,1.22,0.42,"breeding","07-19",2.457,"3 of 49","Wetlands:  Generalist",NA
"California","canvas","Canvasback","Aythya valisineria",0.08,5.94,19.91,2.71,"postbreeding_migration","12-13",35.6,"12 of 14","Wetlands:  Seasonally Wet Grasslands","Wetlands:  Freshwater Marsh"
"California","canwre","Canyon Wren","Catherpes mexicanus",2.54,2.54,2.54,2.54,"resident","year round resident",NA,"5 of 14","Aridlands:  Desert Scrub",NA
"California","casfin","Cassin's Finch","Haemorhous cassinii",13.21,13.16,12.84,10.35,"prebreeding_migration","03-01",18.31,"3 of 12","Forests:  Temperate Western",NA
"California","caskin","Cassin's Kingbird","Tyrannus vociferans",1.64,1.86,2.97,2.26,"nonbreeding","03-01",4.288,"5 of 11","Open Country:  Habitat Mosaic",NA
"California","caster1","Caspian Tern","Hydroprogne caspia",5.11,2.6,0.15,2.59,"postbreeding_migration","08-23",7.792,"2 of 33","Wetlands:  Lakes and Rivers",NA
"California","casvir","Cassin's Vireo","Vireo cassinii",22.68,9.18,0.01,22.26,"prebreeding_migration","04-26",35.24,"1 of 6","Forests:  Temperate Western",NA
"California","categr","Western/Eastern Cattle Egret","Bubulcus ibis/coromandus",0.21,0.15,0.13,0.1,"breeding","08-23",0.448,"9 of 15","Grasslands:  Temperate","Grasslands:  Temperate"
"California","cedwax","Cedar Waxwing","Bombycilla cedrorum",0.04,1.98,2.02,2.53,"postbreeding_migration","10-11",5.821,"37 of 41","Forests:  Temperate Generalist",NA
"California","chbchi","Chestnut-backed Chickadee","Poecile rufescens",10.12,10.12,10.12,10.12,"resident","year round resident",NA,"4 of 6","Forests:  Temperate Western",NA
"California","chispa","Chipping Sparrow","Spizella passerina",0.88,1.06,0.13,0.79,"postbreeding_migration","09-27",2.39,"28 of 48","Forests:  Temperate Generalist",NA
"California","chukar","Chukar","Alectoris chukar",0.22,0.22,0.22,0.22,"resident","year round resident",NA,"3 of 7","Aridlands:  Desert Scrub",NA
"California","cintea","Cinnamon Teal","Spatula cyanoptera",5.72,4.22,4.36,12.43,"prebreeding_migration","03-22",19.5,"3 of 14","Wetlands:  Freshwater Marsh",NA
"California","clagre","Clark's Grebe","Aechmophorus clarkii",39.69,36.4,57.66,48.6,"nonbreeding","01-04",64.37,"1 of 15","Wetlands:  Freshwater Marsh",NA
"California","clanut","Clark's Nutcracker","Nucifraga columbiana",6.93,6.93,6.93,6.93,"resident","year round resident",NA,"5 of 12","Forests:  Temperate Western",NA
"California","cliswa","Cliff Swallow","Petrochelidon pyrrhonota",7.4,2.35,0,8.65,"prebreeding_migration","03-22",42.14,"2 of 42","Open Country Aerial:  Habitat Mosaic",NA
"California","cogdov","Common Ground Dove","Columbina passerina",0.1,0,0.09,0,"unidentified","10-25",0.1551,"5 of 8","Aridlands:  Desert Scrub","Forests:  Tropical Dry"
"California","comgal1","Common Gallinule","Gallinula galeata",0.21,0.18,0.21,0.23,"nonbreeding","12-20",0.2935,"4 of 16","Wetlands:  Freshwater Marsh",NA
"California","comgol","Common Goldeneye","Bucephala clangula",0,0.37,1.12,0.23,"postbreeding_migration","12-20",1.521,NA,"Wetlands:  Forested","Wetlands:  Lakes and Rivers"
"California","comloo","Common Loon","Gavia immer",0.01,0.32,1.59,0.28,"postbreeding_migration","11-22",2.371,"13 of 13","Wetlands:  Lakes and Rivers",NA
"California","commer","Common Merganser","Mergus merganser",0.51,0.52,1.39,0.43,"nonbreeding","02-01",1.825,"4 of 26","Wetlands:  Forested","Wetlands:  Lakes and Rivers"
"California","comnig","Common Nighthawk","Chordeiles minor",1.81,0.63,0,0.97,"breeding","07-05",1.96,"16 of 38","Open Country Aerial:  Habitat Mosaic",NA
"California","compoo","Common Poorwill","Phalaenoptilus nuttallii",5.8,5.21,9.63,5.45,"nonbreeding","01-25",74.83,"4 of 17","Aridlands:  Desert Scrub","Aridlands:  Sagebrush"
"California","comrav","Common Raven","Corvus corax",1.44,1.44,1.44,1.44,"resident","year round resident",NA,"2 of 29","Open Country:  Habitat Mosaic",NA
"California","comter","Common Tern","Sterna hirundo",0,0.01,0,0,"postbreeding_migration","09-20",0.05658,NA,"Coasts:  Beach and Estuary","Wetlands:  Lakes and Rivers"
"California","comyel","Common Yellowthroat","Geothlypis trichas",0.59,1.94,2.22,1.93,"prebreeding_migration","04-12",4.451,"30 of 49","Open Country:  Habitat Mosaic","Wetlands:  Freshwater Marsh"
"California","coohaw","Cooper's Hawk","Accipiter cooperii",11.54,7.31,7.79,5.81,"breeding","07-26",15.69,"1 of 49","Forests:  Temperate Generalist",NA
"California","coshum","Costa's Hummingbird","Calypte costae",22.57,32.32,11,15.33,"postbreeding_migration","07-26",42.2,"1 of 5","Aridlands:  Desert Scrub",NA
"California","cowscj1","California Scrub-Jay","Aphelocoma californica",78.12,78.12,78.12,78.12,"resident","year round resident",NA,"1 of 4","Forests:  Temperate Western","Aridlands:  Chaparral"
"California","crithr","Crissal Thrasher","Toxostoma crissale",1.15,1.15,1.15,1.15,"resident","year round resident",NA,"5 of 6","Aridlands:  Desert Scrub","Aridlands:  Desert Riparian"
"California","daejun","Dark-eyed Junco","Junco hyemalis",4.59,3.74,4.94,2.81,"breeding","08-16",5.897,"2 of 26","Forests:  Temperate Generalist",NA
"California","doccor","Double-crested Cormorant","Nannopterum auritum",2.52,1.77,3.35,2.38,"nonbreeding","12-13",4.106,"5 of 48","Wetlands:  Generalist","Coasts:  Beach and Estuary"
"California","dowwoo","Downy Woodpecker","Dryobates pubescens",0.78,0.78,0.78,0.78,"resident","year round resident",NA,"31 of 50","Forests:  Temperate Generalist",NA
"California","dunlin","Dunlin","Calidris alpina",0,1.26,3.64,1.38,"prebreeding_migration","02-22",6.781,NA,"Wetlands:  Tundra","Coasts:  Tundra"
"California","dusfly","Dusky Flycatcher","Empidonax oberholseri",11.2,5.61,0,10.12,"prebreeding_migration","05-03",15.79,"3 of 12","Forests:  Temperate Western",NA
"California","eargre","Eared Grebe","Podiceps nigricollis",2.2,7.78,12.65,4.4,"postbreeding_migration","11-22",39.43,"4 of 16","Wetlands:  Freshwater Marsh",NA
"California","egygoo","Egyptian Goose","Alopochen aegyptiaca",0.01,0.01,0.01,0.01,"resident","year round resident",NA,"3 of 3",NA,NA
"California","eleter1","Elegant Tern","Thalasseus elegans",24.69,27.88,0,3.91,"postbreeding_migration","08-16",52.78,"1 of 1","Coasts:  Beach and Estuary","Coasts:  Marine Waters"
"California","eucdov","Eurasian Collared-Dove","Streptopelia decaocto",0.33,0.33,0.33,0.33,"resident","year round resident",NA,"3 of 25","Open Country:  Developed/Disturbed",NA
"California","eursta","European Starling","Sturnus vulgaris",0.63,0.7,2.11,1.13,"nonbreeding","12-20",3.719,"1 of 48","Open Country:  Developed/Disturbed",NA
"California","eurwig","Eurasian Wigeon","Mareca penelope",0,NA,0.01,NA,"nonbreeding","01-04",0.008627,NA,"Wetlands:  Freshwater Marsh",NA
"California","evegro","Evening Grosbeak","Coccothraustes vespertinus",2.79,2.45,0.26,1.46,"postbreeding_migration","10-04",7.382,"6 of 17","Forests:  Boreal","Forests:  Temperate Western"
"California","ferhaw","Ferruginous Hawk","Buteo regalis",0.01,4.83,12.14,3.03,"nonbreeding","02-08",13.67,"16 of 16","Grasslands:  Temperate",NA
"California","flaowl","Flammulated Owl","Psiloscops flammeolus",10.16,0,0,6.65,"breeding","06-07",13.04,"2 of 12","Forests:  Temperate Western","Forests:  Mesoamerican Pine-Oak"
"California","forter","Forster's Tern","Sterna forsteri",7.5,2.83,1,4.53,"breeding","06-14",9.182,"3 of 36","Wetlands:  Freshwater Marsh",NA
"California","foxspa","Fox Sparrow","Passerella iliaca",2.29,8.11,13.44,2.52,"postbreeding_migration","09-27",18.7,"2 of 11","Forests:  Boreal","Forests:  Temperate Western"
"California","fragul","Franklin's Gull","Leucophaeus pipixcan",0.03,0,0,0.02,"breeding","06-14",0.07548,"8 of 13","Wetlands:  Freshwater Marsh",NA
"California","gadwal","Gadwall","Mareca strepera",2.23,0.86,1.26,1.14,"breeding","07-05",4.973,"4 of 19","Wetlands:  Seasonally Wet Grasslands","Wetlands:  Freshwater Marsh"
"California","gamqua","Gambel's Quail","Callipepla gambelii",9.19,9.19,9.19,9.19,"resident","year round resident",NA,"3 of 8","Aridlands:  Desert Scrub","Aridlands:  Desert Riparian"
"California","gcrfin","Gray-crowned Rosy-Finch","Leucosticte tephrocotis",3.33,1.34,0.08,0.01,"breeding","08-09",7.676,"2 of 5","Tundra:  Alpine",NA
"California","gilfli","Gilded Flicker","Colaptes chrysoides",0.16,0.16,0.16,0.16,"resident","year round resident",NA,"2 of 3","Aridlands:  Desert Scrub","Aridlands:  Desert Riparian"
"California","gilwoo","Gila Woodpecker","Melanerpes uropygialis",0.15,0.15,0.15,0.15,"resident","year round resident",NA,"2 of 3","Aridlands:  Desert Scrub","Aridlands:  Desert Riparian"
"California","glagul","Glaucous Gull","Larus hyperboreus",0,0,0.01,0,"unidentified","02-15",0.01562,NA,"Coasts:  Cliffs and Islands","Wetlands:  Tundra"
"California","glwgul","Glaucous-winged Gull","Larus glaucescens",0.01,0.05,1.01,0.1,"nonbreeding","01-25",2.861,"4 of 4","Coasts:  Cliffs and Islands","Coasts:  Marine Waters"
"California","gnttow","Green-tailed Towhee","Pipilo chlorurus",11.07,2.99,0.02,6.63,"breeding","07-19",12.01,"5 of 11","Aridlands:  Sagebrush",NA
"California","gnwtea","Green-winged Teal","Anas crecca",0.04,0.29,0.56,0.46,"prebreeding_migration","03-29",1.115,"13 of 18","Wetlands:  Generalist",NA
"California","gockin","Golden-crowned Kinglet","Regulus satrapa",2.32,1.91,5.01,2.47,"nonbreeding","02-08",6.127,"5 of 27","Forests:  Boreal","Forests:  Temperate Western"
"California","gocspa","Golden-crowned Sparrow","Zonotrichia atricapilla",0,46.12,79.69,12.98,"prebreeding_migration","03-22",84.02,NA,"Tundra:  Alpine","Forests:  Temperate Western"
"California","goleag","Golden Eagle","Aquila chrysaetos",0.82,0.81,2.17,0.99,"nonbreeding","01-18",3.082,"8 of 16","Open Country:  Habitat Mosaic",NA
"California","graspa","Grasshopper Sparrow","Ammodramus savannarum",0.15,0.02,0,0.27,"prebreeding_migration","03-29",1.332,"26 of 40","Grasslands:  Temperate",NA
"California","grbher3","Great Blue Heron","Ardea herodias",2.06,2.12,3.09,2.35,"prebreeding_migration","02-08",3.389,"12 of 49","Wetlands:  Generalist","Coasts:  Saltmarsh"
"California","greegr","Great Egret","Ardea alba",0.6,0.57,0.41,0.42,"breeding","08-23",0.8605,"6 of 38","Wetlands:  Generalist","Coasts:  Saltmarsh"
"California","greroa","Greater Roadrunner","Geococcyx californianus",2.99,2.99,2.99,2.99,"resident","year round resident",NA,"4 of 11","Aridlands:  Desert Scrub",NA
"California","gresca","Greater Scaup","Aythya marila",0.01,1.3,3.01,0.54,"nonbreeding","12-20",4.793,"3 of 3","Wetlands:  Tundra",NA
"California","greyel","Greater Yellowlegs","Tringa melanoleuca",0.09,2.29,5.93,2.79,"prebreeding_migration","03-08",8.6,"2 of 8","Wetlands:  Boreal",NA
"California","grhowl","Great Horned Owl","Bubo virginianus",4.78,4.78,4.78,4.78,"resident","year round resident",NA,"3 of 49","Open Country:  Habitat Mosaic",NA
"California","grnher","Green Heron","Butorides virescens",0.91,0.82,0.58,0.87,"prebreeding_migration","04-26",1.156,"22 of 42","Wetlands:  Freshwater Marsh",NA
"California","grtgra","Great-tailed Grackle","Quiscalus mexicanus",0.97,0.61,0.46,0.61,"breeding","05-31",1.023,"4 of 14","Open Country:  Developed/Disturbed",NA
"California","gryfly","Gray Flycatcher","Empidonax wrightii",6.24,2.53,0.06,7.48,"prebreeding_migration","04-26",9.787,"7 of 12","Forests:  Temperate Western",NA
"California","gryjay","Canada Jay","Perisoreus canadensis",0.02,0.02,0.02,0.02,"resident","year round resident",NA,"14 of 17","Forests:  Boreal","Forests:  Temperate Western"
"California","gryvir","Gray Vireo","Vireo vicinior",0.47,0.33,0.1,0.47,"prebreeding_migration","03-01",1.018,"7 of 7","Forests:  Temperate Western","Aridlands:  Chaparral"
"California","gubter1","Gull-billed/Australian Tern","Gelochelidon nilotica/macrotarsa",0.16,0,0,0.2,"breeding","06-14",0.5664,"6 of 11","Coasts:  Beach and Estuary","Coasts:  Beach and Estuary"
"California","gwfgoo","Greater White-fronted Goose","Anser albifrons",0.01,2.18,3.03,0.85,"postbreeding_migration","09-27",9.412,"2 of 2","Wetlands:  Tundra",NA
"California","haiwoo","Hairy Woodpecker","Dryobates villosus",3.2,3.2,3.2,3.2,"resident","year round resident",NA,"2 of 49","Forests:  Generalist",NA
"California","hamfly","Hammond's Flycatcher","Empidonax hammondii",2.27,1.68,0,5.95,"prebreeding_migration","04-19",21.62,"7 of 11","Forests:  Temperate Western",NA
"California","heegul","Heermann's Gull","Larus heermanni",2.31,21.75,23.15,14.22,"nonbreeding","08-30",32.3,"1 of 1","Coasts:  Beach and Estuary","Coasts:  Marine Waters"
"California","hergul","Herring Gull","Larus argentatus",0,0.05,0.69,0.01,"nonbreeding","12-27",1.014,NA,"Coasts:  Beach and Estuary","Wetlands:  Lakes and Rivers"
"California","herthr","Hermit Thrush","Catharus guttatus",0.75,8.42,11.01,2.03,"postbreeding_migration","11-01",14.88,"10 of 27","Forests:  Temperate Generalist",NA
"California","herwar","Hermit Warbler","Setophaga occidentalis",38.13,12.73,0.01,40.81,"prebreeding_migration","04-26",50.11,"2 of 4","Forests:  Temperate Western",NA
"California","hoomer","Hooded Merganser","Lophodytes cucullatus",0.13,0.51,2.53,0.86,"prebreeding_migration","02-15",3.209,"16 of 29","Wetlands:  Forested","Wetlands:  Lakes and Rivers"
"California","hooori","Hooded Oriole","Icterus cucullatus",4.85,2.45,0,2.28,"breeding","06-28",5.306,"3 of 6","Forests:  Generalist",NA
"California","horgre","Horned Grebe","Podiceps auritus",0,0.62,2.13,0.21,"nonbreeding","01-04",2.549,NA,"Wetlands:  Freshwater Marsh",NA
"California","horlar","Horned Lark","Eremophila alpestris",1.74,2.2,4.26,2.22,"postbreeding_migration","11-22",10.41,"6 of 37","Grasslands:  Temperate","Tundra:  Arctic"
"California","houfin","House Finch","Haemorhous mexicanus",17.19,17.19,17.19,17.19,"resident","year round resident",NA,"1 of 49","Open Country:  Habitat Mosaic","Aridlands:  Desert Scrub"
"California","houspa","House Sparrow","Passer domesticus",0.16,0.16,0.16,0.16,"resident","year round resident",NA,"5 of 39","Open Country:  Developed/Disturbed",NA
"California","houwre","House Wren","Troglodytes aedon",1.21,0.69,0.21,1.34,"prebreeding_migration","04-26",1.662,"9 of 42","Forests:  Generalist","Open Country:  Developed/Disturbed"
"California","hrshaw","Harris's Hawk","Parabuteo unicinctus",0.01,0.01,0.01,0.01,"resident","year round resident",NA,"4 of 4","Aridlands:  Desert Scrub",NA
"California","hutvir","Hutton's Vireo","Vireo huttoni",20.44,20.44,20.44,20.44,"resident","year round resident",NA,"1 of 6","Forests:  Temperate Western","Forests:  Mesoamerican Highland"
"California","incdov","Inca Dove","Columbina inca",0.02,0.02,0.02,0.02,"resident","year round resident",NA,"4 of 4","Open Country:  Habitat Mosaic",NA
"California","issjay","Island Scrub-Jay","Aphelocoma insularis",100,100,100,100,"resident","locally endemic year round",100,"1 of 1","Islands:  Terrestrial Habitats",NA
"California","juntit1","Juniper Titmouse","Baeolophus ridgwayi",1.27,1.27,1.27,1.27,"resident","year round resident",NA,"6 of 11","Forests:  Temperate Western",NA
"California","killde","Killdeer","Charadrius vociferus",2.46,2.88,5.08,3.63,"prebreeding_migration","02-08",5.768,"10 of 48","Open Country:  Habitat Mosaic","Wetlands:  Generalist"
"California","labwoo","Ladder-backed Woodpecker","Dryobates scalaris",1.53,1.53,1.53,1.53,"resident","year round resident",NA,"4 of 8","Aridlands:  Desert Scrub","Forests:  Tropical Dry"
"California","larspa","Lark Sparrow","Chondestes grammacus",3.42,4.15,7.35,3.24,"nonbreeding","02-08",8.904,"12 of 29","Open Country:  Habitat Mosaic",NA
"California","laugul","Laughing Gull","Leucophaeus atricilla",0.01,0.04,0,0,"postbreeding_migration","08-16",0.1688,"19 of 19","Coasts:  Beach and Estuary","Coasts:  Marine Waters"
"California","lawgol","Lawrence's Goldfinch","Spinus lawrencei",91.66,72.95,36.3,72.14,"postbreeding_migration","08-02",97.94,"1 of 1","Aridlands:  Chaparral","Aridlands:  Desert Riparian"
"California","lazbun","Lazuli Bunting","Passerina amoena",12.6,9.32,0,20.87,"prebreeding_migration","05-03",30.24,"3 of 15","Forests:  Temperate Western",NA
"California","leabit","Least Bittern","Ixobrychus exilis",1.48,2.49,0.56,2.62,"prebreeding_migration","04-05",5.254,"5 of 35","Wetlands:  Freshwater Marsh",NA
"California","leasan","Least Sandpiper","Calidris minutilla",0.01,7.95,15.56,7.58,"prebreeding_migration","04-19",29.3,"4 of 4","Wetlands:  Tundra",NA
"California","leater1","Least Tern","Sternula antillarum",1.01,0.18,0,1.18,"prebreeding_migration","05-03",1.78,"12 of 31","Coasts:  Beach and Estuary","Wetlands:  Lakes and Rivers"
"California","lecthr","LeConte's Thrasher","Toxostoma lecontei",38.34,38.34,38.34,38.34,"resident","year round resident",NA,"1 of 3","Aridlands:  Desert Scrub",NA
"California","lesgol","Lesser Goldfinch","Spinus psaltria",12.73,14.13,16.99,17.62,"prebreeding_migration","04-19",20.94,"1 of 13","Forests:  Temperate Western","Forests:  Mesoamerican Pine-Oak"
"California","lesnig","Lesser Nighthawk","Chordeiles acutipennis",7.79,2.29,0,4.31,"breeding","06-21",9.951,"3 of 6","Aridlands Aerial:  Desert Scrub",NA
"California","lessca","Lesser Scaup","Aythya affinis",0.05,0.67,4.02,0.89,"nonbreeding","01-25",5.061,"10 of 14","Wetlands:  Lakes and Rivers","Wetlands:  Freshwater Marsh"
"California","lesyel","Lesser Yellowlegs","Tringa flavipes",0,0.07,0.03,0.02,"postbreeding_migration","08-30",0.3345,NA,"Wetlands:  Boreal",NA
"California","lewwoo","Lewis's Woodpecker","Melanerpes lewis",5.16,31.26,52.25,12.33,"nonbreeding","11-08",77.38,"7 of 13","Forests:  Temperate Western",NA
"California","licpar","Lilac-crowned Parrot","Amazona finschi",0.21,0.21,0.21,0.21,"resident","year round resident",NA,"1 of 1","Forests:  Tropical Dry",NA
"California","linspa","Lincoln's Sparrow","Melospiza lincolnii",0.35,2.87,3.9,1.38,"prebreeding_migration","04-12",7.159,"6 of 16","Wetlands:  Boreal","Forests:  Temperate Western"
"California","lobcur","Long-billed Curlew","Numenius americanus",1.56,23.44,35.13,20.48,"prebreeding_migration","02-22",48.51,"10 of 17","Grasslands:  Temperate",NA
"California","lobdow","Long-billed Dowitcher","Limnodromus scolopaceus",0.14,18.01,21.44,11.76,"prebreeding_migration","02-08",29.04,"2 of 4","Wetlands:  Tundra",NA
"California","loeowl","Long-eared Owl","Asio otus",0.02,0.18,0.04,0.07,"postbreeding_migration","09-13",2.788,"3 of 6","Forests:  Temperate Generalist",NA
"California","logshr","Loggerhead Shrike","Lanius ludovicianus",8.79,6.24,6.9,7.16,"breeding","06-14",9.7,"1 of 31","Grasslands:  Temperate","Aridlands:  Desert Scrub"
"California","lucwar","Lucy's Warbler","Leiothlypis luciae",1.62,0.2,0.01,0.98,"breeding","06-14",2.399,"5 of 7","Aridlands:  Desert Riparian","Aridlands:  Desert Scrub"
"California","macwar","MacGillivray's Warbler","Geothlypis tolmiei",7.01,6.57,0,8.79,"prebreeding_migration","05-03",14.52,"4 of 13","Forests:  Temperate Western",NA
"California","mallar3","Mallard","Anas platyrhynchos",1.58,0.4,0.34,0.5,"breeding","07-05",2.288,"2 of 48","Wetlands:  Generalist",NA
"California","margod","Marbled Godwit","Limosa fedoa",1.44,8.8,9.73,6.77,"postbreeding_migration","08-30",26.84,"5 of 15","Wetlands:  Seasonally Wet Grasslands","Wetlands:  Tundra"
"California","marmur","Marbled Murrelet","Brachyramphus marmoratus",0.21,0.21,0.21,0.21,"resident","year round resident",NA,"4 of 4","Forests:  Temperate Western","Coasts:  Marine Waters"
"California","marwre","Marsh Wren","Cistothorus palustris",4.02,8.82,22.09,15.88,"nonbreeding","02-22",34.4,"4 of 38","Wetlands:  Freshwater Marsh",NA
"California","merlin","Merlin","Falco columbarius",0,0.38,4.48,0.41,"nonbreeding","02-22",7.039,NA,"Forests:  Boreal","Open Country:  Habitat Mosaic"
"California","mewgul2","Short-billed Gull","Larus brachyrhynchus",0,0.04,1.19,0.01,"unidentified","01-04",4.212,NA,"Wetlands:  Generalist",NA
"California","mitpar","Mitred Parakeet","Psittacara mitratus",0.09,0.09,0.09,0.09,"resident","year round resident",NA,"1 of 2",NA,NA
"California","moublu","Mountain Bluebird","Sialia currucoides",3.36,4.21,5.82,2.38,"postbreeding_migration","11-15",7.755,"9 of 14","Open Country:  Habitat Mosaic","Tundra:  Alpine"
"California","mouchi","Mountain Chickadee","Poecile gambeli",14.93,0,11.43,0,"breeding","06-14",17.09,"1 of 12","Forests:  Temperate Western",NA
"California","moudov","Mourning Dove","Zenaida macroura",4.22,4.05,3.36,4.24,"prebreeding_migration","05-10",4.666,"4 of 48","Open Country:  Habitat Mosaic","Open Country:  Developed/Disturbed"
"California","mouplo","Mountain Plover","Charadrius montanus",0,2.61,NA,16.37,"nonbreeding","01-04",55.47,NA,"Grasslands:  Temperate",NA
"California","mouqua","Mountain Quail","Oreortyx pictus",78.41,78.41,78.41,78.41,"resident","year round resident",NA,"1 of 5","Forests:  Temperate Western","Aridlands:  Chaparral"
"California","mutswa","Mute Swan","Cygnus olor",0.03,0.03,0.05,0.06,"nonbreeding","01-04",0.07142,"9 of 10","Wetlands:  Generalist",NA
"California","naswar","Nashville Warbler","Leiothlypis ruficapilla",1.81,1.57,0,4.33,"prebreeding_migration","04-19",16.25,"5 of 14","Forests:  Boreal","Forests:  Temperate Western"
"California","nopowl","Northern Pygmy-Owl","Glaucidium gnoma",11.14,11.14,11.14,11.14,"resident","year round resident",NA,"2 of 12","Forests:  Temperate Western","Forests:  Mesoamerican Pine-Oak"
"California","norfli","Northern Flicker","Colaptes auratus",3.17,5.18,7.79,4.42,"prebreeding_migration","03-08",8.508,"2 of 49","Forests:  Generalist",NA
"California","norgos","American Goshawk","Accipiter atricapillus",1.36,0.62,0.06,0.16,"postbreeding_migration","07-26",3.424,"6 of 18","Forests:  Boreal","Forests:  Boreal"
"California","norhar2","Northern Harrier","Circus hudsonius",1.11,2.06,3.9,1.73,"prebreeding_migration","02-22",4.569,"12 of 24","Grasslands:  Temperate","Wetlands:  Freshwater Marsh"
"California","normoc","Northern Mockingbird","Mimus polyglottos",2.58,3.23,3.04,2.99,"prebreeding_migration","03-22",3.692,"10 of 40","Open Country:  Habitat Mosaic",NA
"California","norpin","Northern Pintail","Anas acuta",0.09,7.82,8.62,1.66,"postbreeding_migration","09-27",19.34,"8 of 15","Wetlands:  Seasonally Wet Grasslands","Wetlands:  Tundra"
"California","norsho","Northern Shoveler","Spatula clypeata",0.2,3.93,4.34,2.86,"postbreeding_migration","09-06",8.281,"8 of 19","Wetlands:  Seasonally Wet Grasslands","Wetlands:  Freshwater Marsh"
"California","norshr4","Northern Shrike","Lanius borealis",0,0.03,0.42,0.1,"nonbreeding","12-20",0.7056,NA,"Forests:  Boreal","Tundra:  Arctic"
"California","nrwswa","Northern Rough-winged Swallow","Stelgidopteryx serripennis",3.54,0.6,0.03,2.92,"prebreeding_migration","04-05",4.797,"2 of 48","Open Country Aerial:  Habitat Mosaic","Wetlands Aerial:  Lakes and Rivers"
"California","nswowl","Northern Saw-whet Owl","Aegolius acadicus",0.74,1.38,10.61,0.57,"unidentified","07-05",58.46,"7 of 19","Forests:  Boreal","Forests:  Temperate Western"
"California","nutman","Scaly-breasted Munia","Lonchura punctulata",0.13,0.13,0.13,0.13,"resident","year round resident",NA,"2 of 2","Open Country:  Developed/Disturbed",NA
"California","nutwoo","Nuttall's Woodpecker","Dryobates nuttallii",96.08,96.08,96.08,96.08,"resident","year round resident",NA,"1 of 1","Forests:  Temperate Western",NA
"California","oaktit","Oak Titmouse","Baeolophus inornatus",94.3,94.3,94.3,94.3,"resident","year round resident",NA,"1 of 2","Forests:  Temperate Western",NA
"California","olsfly","Olive-sided Flycatcher","Contopus cooperi",4.76,2.79,0,4.4,"prebreeding_migration","05-10",16.01,"2 of 19","Forests:  Boreal","Forests:  Temperate Western"
"California","orcwar","Orange-crowned Warbler","Leiothlypis celata",3.1,5.83,1.43,4.66,"prebreeding_migration","04-12",22.27,"2 of 12","Forests:  Temperate Western","Forests:  Boreal"
"California","osprey","Osprey","Pandion haliaetus",1.56,0.65,0.37,0.95,"prebreeding_migration","05-31",1.894,"8 of 46","Wetlands:  Lakes and Rivers","Coasts:  Saltmarsh"
"California","pacloo","Pacific Loon","Gavia pacifica",0.04,3.21,5.89,10.7,"prebreeding_migration","04-19",45.88,"4 of 4","Wetlands:  Tundra",NA
"California","pacwre1","Pacific Wren","Troglodytes pacificus",2.6,3.81,6.81,5.28,"nonbreeding","02-01",8.71,"6 of 6","Forests:  Temperate Western",NA
"California","parjae","Parasitic Jaeger","Stercorarius parasiticus",0,0.72,0.71,0.01,"postbreeding_migration","10-04",8.153,NA,"Wetlands:  Tundra","Tundra:  Arctic"
"California","pecsan","Pectoral Sandpiper","Calidris melanotos",0,0.03,0,0,"postbreeding_migration","09-20",0.2151,NA,"Wetlands:  Tundra",NA
"California","pelcor","Pelagic Cormorant","Urile pelagicus",1.24,1.24,1.24,1.24,"resident","year round resident",NA,"3 of 4","Coasts:  Cliffs and Islands","Coasts:  Marine Waters"
"California","perfal","Peregrine Falcon","Falco peregrinus",0.32,0.42,1.07,0.52,"nonbreeding","01-04",1.858,"5 of 24","Open Country:  Habitat Mosaic","Open Country:  Developed/Disturbed"
"California","phaino","Phainopepla","Phainopepla nitens",15.61,15.61,15.61,15.61,"resident","year round resident",NA,"2 of 6","Aridlands:  Desert Scrub","Aridlands:  Desert Riparian"
"California","pibgre","Pied-billed Grebe","Podilymbus podiceps",7.18,5.25,4.81,4.37,"postbreeding_migration","07-26",8.579,"2 of 37","Wetlands:  Freshwater Marsh",NA
"California","piggui","Pigeon Guillemot","Cepphus columba",1.77,0.14,0.01,1.16,"unidentified","07-19",3.579,"3 of 4","Coasts:  Cliffs and Islands","Coasts:  Marine Waters"
"California","pilwoo","Pileated Woodpecker","Dryocopus pileatus",1.05,1.05,1.05,1.05,"resident","year round resident",NA,"25 of 40","Forests:  Temperate Generalist",NA
"California","pingro","Pine Grosbeak","Pinicola enucleator",0.29,0,0,0,"breeding","08-09",1.271,"7 of 11","Forests:  Boreal",NA
"California","pinjay","Pinyon Jay","Gymnorhinus cyanocephalus",3.4,3.4,3.4,3.4,"resident","year round resident",NA,"6 of 12","Forests:  Temperate Western",NA
"California","pinsis","Pine Siskin","Spinus pinus",0.58,0.78,1.24,1.46,"nonbreeding","01-04",2.535,"10 of 19","Forests:  Boreal","Forests:  Temperate Western"
"California","pitwhy","Pin-tailed Whydah","Vidua macroura",0.02,0.02,0.02,0.02,"resident","year round resident",NA,"1 of 1",NA,NA
"California","plsvir","Plumbeous Vireo","Vireo plumbeus",0.12,0.05,0.09,0.17,"nonbreeding","11-08",0.412,"11 of 12","Forests:  Temperate Western","Forests:  Mesoamerican Pine-Oak"
"California","pomjae","Pomarine Jaeger","Stercorarius pomarinus",0,0.35,0,0.05,"postbreeding_migration","11-15",13.4,NA,"Wetlands:  Tundra",NA
"California","prafal","Prairie Falcon","Falco mexicanus",9.33,5.11,8.17,7.41,"breeding","06-21",11.99,"6 of 16","Open Country:  Habitat Mosaic","Aridlands:  Desert Scrub"
"California","purfin","Purple Finch","Haemorhous purpureus",4.71,3.96,5.8,4.19,"postbreeding_migration","11-29",7.66,"1 of 16","Forests:  Boreal","Forests:  Temperate Western"
"California","purmar","Purple Martin","Progne subis",0.14,0.01,0,0,"breeding","05-24",0.1925,"32 of 40","Open Country Aerial:  Habitat Mosaic","Wetlands Aerial:  Lakes and Rivers"
"California","pygnut","Pygmy Nuthatch","Sitta pygmaea",8.56,8.56,8.56,8.56,"resident","year round resident",NA,"4 of 14","Forests:  Temperate Western","Forests:  Mesoamerican Highland"
"California","rebmer","Red-breasted Merganser","Mergus serrator",0,0.04,0.11,0.04,"prebreeding_migration","02-15",0.1457,NA,"Wetlands:  Tundra","Wetlands:  Boreal"
"California","rebnut","Red-breasted Nuthatch","Sitta canadensis",4.89,3.85,3.38,4.55,"breeding","06-21",5.372,"1 of 30","Forests:  Boreal","Forests:  Temperate Western"
"California","rebsap","Red-breasted Sapsucker","Sphyrapicus ruber",20.36,32.58,44.73,21.24,"nonbreeding","12-13",50.79,"1 of 5","Forests:  Temperate Western",NA
"California","recpar","Red-crowned Parrot","Amazona viridigenalis",54.94,54.94,54.94,54.94,"resident","year round resident",NA,"1 of 3","Forests:  Tropical Dry",NA
"California","redcro","Red Crossbill","Loxia curvirostra",0.6,0.49,0.62,0.37,"nonbreeding","12-13",1.073,"7 of 26","Forests:  Temperate Generalist",NA
"California","redegr","Reddish Egret","Egretta rufescens",0.06,0.06,0.06,0.06,"resident","year round resident",NA,"6 of 8","Coasts:  Mangroves","Coasts:  Beach and Estuary"
"California","redhea","Redhead","Aythya americana",1.28,0.53,0.68,0.62,"breeding","08-16",2.634,"9 of 22","Wetlands:  Seasonally Wet Grasslands","Wetlands:  Freshwater Marsh"
"California","redkno","Red Knot","Calidris canutus",0.04,0.06,0.06,0.07,"prebreeding_migration","04-12",0.3619,"7 of 8","Tundra:  Arctic",NA
"California","relpar","Red-lored Parrot","Amazona autumnalis",0.01,0.01,0.01,0.01,"resident","year round resident",NA,"1 of 1","Forests:  Tropical Lowland Evergreen",NA
"California","rempar","Red-masked Parakeet","Psittacara erythrogenys",0.53,0.53,0.53,0.53,"resident","year round resident",NA,"1 of 2",NA,NA
"California","rengre","Red-necked Grebe","Podiceps grisegena",0,0.01,0.15,0.01,"nonbreeding","01-11",0.2997,NA,"Wetlands:  Lakes and Rivers",NA
"California","renpha","Red-necked Phalarope","Phalaropus lobatus",0.01,NA,0,NA,"prebreeding_migration","05-03",8.26,"8 of 8","Wetlands:  Tundra",NA
"California","rensap","Red-naped Sapsucker","Sphyrapicus nuchalis",0.03,1.21,1.2,0.04,"postbreeding_migration","10-11",2.964,"12 of 12","Forests:  Temperate Western",NA
"California","reshaw","Red-shouldered Hawk","Buteo lineatus",4.2,4.05,4.64,4.44,"breeding","07-12",5.601,"11 of 38","Forests:  Temperate Eastern","Forests:  Temperate Western"
"California","rethaw","Red-tailed Hawk","Buteo jamaicensis",6.26,6.42,8.77,5.99,"nonbreeding","12-13",9.395,"1 of 49","Open Country:  Habitat Mosaic",NA
"California","retloo","Red-throated Loon","Gavia stellata",0,0.63,9.3,0.85,"nonbreeding","01-18",12.59,NA,"Wetlands:  Tundra","Wetlands:  Boreal"
"California","rewbla","Red-winged Blackbird","Agelaius phoeniceus",2.71,1.97,2.02,2.02,"postbreeding_migration","09-06",4.347,"9 of 48","Open Country:  Habitat Mosaic","Wetlands:  Freshwater Marsh"
"California","rewbul","Red-whiskered Bulbul","Pycnonotus jocosus",0.01,0.01,0.01,0.01,"resident","year round resident",NA,"2 of 2",NA,NA
"California","ribgul","Ring-billed Gull","Larus delawarensis",0.73,2.38,7.31,3.43,"prebreeding_migration","03-08",13.01,"11 of 42","Wetlands:  Generalist",NA
"California","ridrai1","Ridgway's Rail","Rallus obsoletus",8.83,8.83,8.83,8.83,"resident","year round resident",NA,"1 of 2","Coasts:  Saltmarsh","Wetlands:  Freshwater Marsh"
"California","rinduc","Ring-necked Duck","Aythya collaris",0.05,2.53,7.16,1.61,"nonbreeding","01-18",8.784,"13 of 18","Wetlands:  Boreal",NA
"California","rinphe","Ring-necked/Green Pheasant","Phasianus colchicus/versicolor",0.05,0.05,0.05,0.05,"resident","year round resident",NA,"19 of 22","Wetlands:  Generalist","Wetlands:  Generalist"
"California","rinphe1","Ring-necked Pheasant","Phasianus colchicus",0.05,0.05,0.05,0.05,"resident","year round resident",NA,"19 of 22","Grasslands:  Temperate",NA
"California","rocpig","Rock Pigeon","Columba livia",0.15,0.15,0.15,0.15,"resident","year round resident",NA,"4 of 40","Open Country:  Developed/Disturbed",NA
"California","rocwre","Rock Wren","Salpinctes obsoletus",6.33,8.75,11.72,10.35,"prebreeding_migration","03-01",17.13,"8 of 17","Aridlands:  Desert Scrub",NA
"California","rolhaw","Rough-legged Hawk","Buteo lagopus",0,0.11,0.81,0.11,"nonbreeding","01-04",1.044,NA,"Tundra:  Arctic",NA
"California","rosgoo","Ross's Goose","Anser rossii",0,4.13,29.52,6.03,"unidentified","07-12",100,NA,"Wetlands:  Tundra","Tundra:  Arctic"
"California","royter1","Royal Tern","Thalasseus maximus",0.12,0.61,1.01,0.46,"nonbreeding","01-04",1.256,"11 of 13","Coasts:  Beach and Estuary","Coasts:  Marine Waters"
"California","ruckin","Ruby-crowned Kinglet","Corthylio calendula",0.04,5.6,11.09,2.26,"postbreeding_migration","11-15",11.99,"16 of 20","Forests:  Boreal","Forests:  Temperate Western"
"California","rucspa","Rufous-crowned Sparrow","Aimophila ruficeps",4.74,4.74,4.74,4.74,"resident","year round resident",NA,"4 of 7","Aridlands:  Desert Scrub",NA
"California","rudduc","Ruddy Duck","Oxyura jamaicensis",4.56,14.32,27.7,19.62,"nonbreeding","01-18",29.92,"3 of 25","Wetlands:  Seasonally Wet Grasslands","Wetlands:  Freshwater Marsh"
"California","rudtur","Ruddy Turnstone","Arenaria interpres",0.01,0.02,0.03,0.02,"nonbreeding","03-01",0.07238,"19 of 19","Coasts:  Tundra","Wetlands:  Tundra"
"California","rufgro","Ruffed Grouse","Bonasa umbellus",0.07,0.07,0.07,0.07,"resident","year round resident",NA,"17 of 23","Forests:  Temperate Generalist",NA
"California","rufhum","Rufous Hummingbird","Selasphorus rufus",0.09,4.42,0,1.55,"postbreeding_migration","08-09",8.202,"6 of 6","Forests:  Temperate Western",NA
"California","sabgul","Sabine's Gull","Xema sabini",0,0.3,0,0.06,"prebreeding_migration","04-19",38.03,NA,"Wetlands:  Tundra",NA
"California","saggro","Greater Sage-Grouse","Centrocercus urophasianus",1.13,1.13,1.13,1.13,"resident","year round resident",NA,"8 of 11","Aridlands:  Sagebrush",NA
"California","sagspa1","Sagebrush Sparrow","Artemisiospiza nevadensis",1.85,4.85,6.11,3.43,"nonbreeding","11-29",9.272,"7 of 11","Aridlands:  Sagebrush",NA
"California","sagthr","Sage Thrasher","Oreoscoptes montanus",2.1,1.67,4.13,8.13,"prebreeding_migration","03-15",16.66,"8 of 12","Aridlands:  Sagebrush",NA
"California","sancra","Sandhill Crane","Antigone canadensis",0.21,0.76,1.84,0.53,"prebreeding_migration","02-15",4.434,"11 of 18","Wetlands:  Generalist",NA
"California","sander","Sanderling","Calidris alba",0.08,2.46,2.6,1.72,"postbreeding_migration","11-22",4.283,"12 of 17","Tundra:  Arctic","Wetlands:  Tundra"
"California","savspa","Savannah Sparrow","Passerculus sandwichensis",0.17,4.9,11.68,3.57,"postbreeding_migration","11-22",13.42,"17 of 25","Grasslands:  Temperate","Tundra:  Arctic"
"California","saypho","Say's Phoebe","Sayornis saya",5.73,8.55,16.43,7.52,"nonbreeding","01-25",17.88,"6 of 18","Aridlands:  Desert Scrub","Forests:  Temperate Western"
"California","scoori","Scott's Oriole","Icterus parisorum",3.45,1.19,0.51,3.09,"unidentified","07-05",5.042,"4 of 8","Forests:  Mesoamerican Pine-Oak","Aridlands:  Desert Scrub"
"California","semplo","Semipalmated Plover","Charadrius semipalmatus",0.05,0.58,1.05,0.73,"prebreeding_migration","04-26",6.723,"8 of 11","Coasts:  Beach and Estuary","Tundra:  Arctic"
"California","shbdow","Short-billed Dowitcher","Limnodromus griseus",0.13,0.98,0.52,1.16,"prebreeding_migration","04-19",4.372,"12 of 20","Wetlands:  Boreal",NA
"California","sheowl","Short-eared Owl","Asio flammeus",0,0.06,0.55,0.15,"nonbreeding","02-22",1.906,NA,"Tundra:  Arctic","Grasslands:  Temperate"
"California","shshaw","Sharp-shinned Hawk","Accipiter striatus",0.36,2.24,7.36,2.13,"nonbreeding","01-18",9.449,"16 of 32","Forests:  Temperate Generalist",NA
"California","snoegr","Snowy Egret","Egretta thula",0.57,0.85,0.58,0.41,"postbreeding_migration","08-09",0.9823,"5 of 32","Wetlands:  Generalist","Coasts:  Saltmarsh"
"California","snogoo","Snow Goose","Anser caerulescens",0,1.14,3.32,1.01,"prebreeding_migration","01-25",4.684,NA,"Wetlands:  Tundra","Tundra:  Arctic"
"California","snoplo5","Snowy Plover","Anarhynchus nivosus",11.17,13.3,12.11,8.7,"nonbreeding","11-15",20.2,"2 of 13","Coasts:  Beach and Estuary","Wetlands:  Lakes and Rivers"
"California","solsan","Solitary Sandpiper","Tringa solitaria",0,0.03,0,0.01,"postbreeding_migration","08-30",0.3324,NA,"Wetlands:  Boreal",NA
"California","sonspa","Song Sparrow","Melospiza melodia",2.96,2.65,2.62,2.71,"postbreeding_migration","09-13",5.016,"8 of 43","Open Country:  Habitat Mosaic",NA
"California","soogro1","Sooty Grouse","Dendragapus fuliginosus",7.18,7.18,7.18,7.18,"resident","year round resident",NA,"4 of 5","Forests:  Temperate Western",NA
"California","sora","Sora","Porzana carolina",0.13,1.94,10.64,0.61,"nonbreeding","02-15",14.85,"11 of 17","Wetlands:  Freshwater Marsh",NA
"California","souwpw1","Mexican Whip-poor-will","Antrostomus arizonae",0.12,0,0,0,"breeding","07-13",0.1643,"4 of 4","Forests:  Mesoamerican Pine-Oak","Forests:  Mesoamerican Highland"
"California","spoowl","Spotted Owl","Strix occidentalis",33.56,33.56,33.56,33.56,"resident","year round resident",NA,"1 of 7","Forests:  Temperate Western","Forests:  Mesoamerican Highland"
"California","sposan","Spotted Sandpiper","Actitis macularius",0.45,0.32,0.46,0.56,"prebreeding_migration","05-03",2.262,"9 of 33","Wetlands:  Generalist",NA
"California","spotow","Spotted Towhee","Pipilo maculatus",15.75,16.1,18.58,16.27,"prebreeding_migration","03-01",20.99,"1 of 15","Forests:  Temperate Western","Forests:  Mesoamerican Pine-Oak"
"California","sprpip","Sprague's Pipit","Anthus spragueii",0,0,0.05,0.02,"nonbreeding","02-22",0.4178,NA,"Grasslands:  Temperate",NA
"California","stejay","Steller's Jay","Cyanocitta stelleri",21.34,21.34,21.34,21.34,"resident","year round resident",NA,"1 of 13","Forests:  Temperate Western","Forests:  Mesoamerican Highland"
"California","stisan","Stilt Sandpiper","Calidris himantopus",0,0.03,0.03,0.01,"postbreeding_migration","09-27",0.5384,NA,"Wetlands:  Tundra","Tundra:  Arctic"
"California","sumtan","Summer Tanager","Piranga rubra",0.07,0.01,0.01,0.01,"breeding","06-07",0.1245,"25 of 30","Forests:  Temperate Eastern",NA
"California","surfbi","Surfbird","Calidris virgata",0,0.52,2.51,0.45,"prebreeding_migration","04-12",5.109,NA,"Tundra:  Alpine",NA
"California","sursco","Surf Scoter","Melanitta perspicillata",0.94,4.35,6.4,1.51,"unidentified","11-29",12.67,"4 of 6","Wetlands:  Boreal",NA
"California","swahaw","Swainson's Hawk","Buteo swainsoni",6.55,0.47,0.02,2.28,"breeding","06-28",7.473,"4 of 20","Grasslands:  Temperate",NA
"California","swathr","Swainson's Thrush","Catharus ustulatus",0.36,0.35,0,0.97,"prebreeding_migration","05-03",5.111,"7 of 20","Forests:  Boreal","Forests:  Temperate Western"
"California","swiwhe1","Swinhoe's White-eye","Zosterops simplex",0.08,0.08,0.07,0.06,"breeding","09-21",0.1358,"1 of 1",NA,NA
"California","towsol","Townsend's Solitaire","Myadestes townsendi",7.21,4.41,3.05,4.26,"breeding","07-26",8.601,"2 of 13","Forests:  Temperate Western",NA
"California","towwar","Townsend's Warbler","Setophaga townsendi",0,3.89,4.63,5.56,"prebreeding_migration","04-26",17.7,NA,"Forests:  Temperate Western",NA
"California","treswa","Tree Swallow","Tachycineta bicolor",2.87,0.78,0.99,8.35,"prebreeding_migration","03-15",25.14,"4 of 47","Wetlands Aerial:  Generalist",NA
"California","tribla","Tricolored Blackbird","Agelaius tricolor",98.42,98.42,98.42,98.42,"resident","year round resident",NA,"1 of 4","Wetlands:  Freshwater Marsh",NA
"California","truswa","Trumpeter Swan","Cygnus buccinator",0,0.01,0.04,0,"nonbreeding","12-13",0.07123,NA,"Wetlands:  Lakes and Rivers","Wetlands:  Freshwater Marsh"
"California","tunswa","Tundra Swan","Cygnus columbianus",0,1.71,9.21,0.58,"nonbreeding","01-25",13.05,NA,"Wetlands:  Tundra",NA
"California","turvul","Turkey Vulture","Cathartes aura",2.29,1.64,1.3,2.22,"postbreeding_migration","09-27",3.083,"3 of 48","Open Country:  Habitat Mosaic",NA
"California","varthr","Varied Thrush","Ixoreus naevius",0.31,3.8,21.19,1.37,"nonbreeding","01-18",26.31,"6 of 6","Forests:  Temperate Western",NA
"California","vauswi","Vaux's Swift","Chaetura vauxi",0.54,6.63,0,6.97,"postbreeding_migration","09-27",29.18,"6 of 6","Forest Aerial:  Temperate Western","Forests Aerial:  Mesoamerican Highland"
"California","verdin","Verdin","Auriparus flaviceps",7.43,7.43,7.43,7.43,"resident","year round resident",NA,"2 of 6","Aridlands:  Desert Scrub",NA
"California","verfly","Vermilion Flycatcher","Pyrocephalus rubinus",0.06,0.05,0.09,0.04,"nonbreeding","12-27",0.1263,"4 of 4","Open Country:  Habitat Mosaic",NA
"California","vesspa","Vesper Sparrow","Pooecetes gramineus",0.47,0.58,0.39,0.27,"postbreeding_migration","08-09",0.9253,"16 of 25","Grasslands:  Temperate",NA
"California","vigswa","Violet-green Swallow","Tachycineta thalassina",6.01,7.03,0.09,10.39,"postbreeding_migration","10-11",34.47,"9 of 16","Forest Aerial:  Temperate Western","Forests Aerial:  Mesoamerican Pine-Oak"
"California","virrai","Virginia Rail","Rallus limicola",3.34,20.39,24.1,8.15,"nonbreeding","02-08",38.79,"5 of 35","Wetlands:  Freshwater Marsh",NA
"California","virwar","Virginia's Warbler","Leiothlypis virginiae",0.17,0.01,0,0.04,"breeding","07-05",0.2639,"8 of 10","Forests:  Temperate Western",NA
"California","wantat1","Wandering Tattler","Tringa incana",0,0.54,0.64,0.41,"prebreeding_migration","05-03",8.775,NA,"Tundra:  Alpine","Wetlands:  Tundra"
"California","warvir","Warbling Vireo","Vireo gilvus",3.39,4.62,0,6.04,"prebreeding_migration","04-26",19.74,"4 of 43","Forests:  Temperate Eastern","Forests:  Temperate Western"
"California","wesblu","Western Bluebird","Sialia mexicana",34.85,24.66,23.57,22.62,"breeding","06-07",42.5,"1 of 11","Forests:  Temperate Western","Forests:  Mesoamerican Pine-Oak"
"California","wesfly","Western Flycatcher","Empidonax difficilis",11.55,10.68,0.02,18.02,"prebreeding_migration","04-19",28.76,"1 of 15","Forests:  Temperate Western",NA
"California","wesgre","Western Grebe","Aechmophorus occidentalis",16.44,13.21,32.06,16.28,"nonbreeding","01-04",42.62,"2 of 16","Wetlands:  Freshwater Marsh",NA
"California","wesgul","Western Gull","Larus occidentalis",40.19,40.19,40.19,40.19,"resident","year round resident",NA,"1 of 3","Coasts:  Cliffs and Islands","Coasts:  Marine Waters"
"California","weskin","Western Kingbird","Tyrannus verticalis",7.5,3.97,0,10.3,"prebreeding_migration","04-05",35.76,"4 of 21","Grasslands:  Temperate","Aridlands:  Desert Scrub"
"California","wesmea","Western Meadowlark","Sturnella neglecta",1.79,9.18,16.76,6.3,"nonbreeding","12-27",19.36,"14 of 22","Grasslands:  Temperate",NA
"California","wesowl1","Western Screech-Owl","Megascops kennicottii",8.87,8.87,8.87,8.87,"resident","year round resident",NA,"2 of 13","Forests:  Temperate Western","Aridlands:  Desert Riparian"
"California","wessan","Western Sandpiper","Calidris mauri",0.07,21.7,4.33,10.68,"prebreeding_migration","04-19",45.74,"2 of 6","Wetlands:  Tundra",NA
"California","westan","Western Tanager","Piranga ludoviciana",9.93,11.06,0.08,14.66,"prebreeding_migration","05-03",25.02,"3 of 15","Forests:  Temperate Western",NA
"California","wewpew","Western Wood-Pewee","Contopus sordidulus",9.94,6.22,0,11.33,"prebreeding_migration","05-10",16.36,"1 of 16","Forests:  Temperate Western","Forests:  Mesoamerican Pine-Oak"
"California","whbnut","White-breasted Nuthatch","Sitta carolinensis",4.09,4.09,4.09,4.09,"resident","year round resident",NA,"6 of 48","Forests:  Temperate Eastern","Forests:  Temperate Western"
"California","whcspa","White-crowned Sparrow","Zonotrichia leucophrys",0.38,11.84,18.17,4.63,"postbreeding_migration","11-08",20.36,"8 of 11","Tundra:  Arctic","Forests:  Boreal"
"California","whfibi","White-faced Ibis","Plegadis chihi",4.06,8.58,2.81,2.13,"postbreeding_migration","08-23",18.35,"2 of 18","Wetlands:  Freshwater Marsh",NA
"California","whhwoo","White-headed Woodpecker","Dryobates albolarvatus",87.86,87.86,87.86,87.86,"resident","year round resident",NA,"1 of 5","Forests:  Temperate Western",NA
"California","whimbr","Whimbrel","Numenius phaeopus",0.12,0.41,0.21,5.79,"prebreeding_migration","05-03",21.32,"2 of 9","Tundra:  Arctic","Wetlands:  Boreal"
"California","whtkit","White-tailed Kite","Elanus leucurus",2.86,2.86,2.86,2.86,"resident","year round resident",NA,"1 of 6","Open Country:  Habitat Mosaic",NA
"California","whtpta1","White-tailed Ptarmigan","Lagopus leucura",0.15,0.15,0.15,0.15,"resident","year round resident",NA,"4 of 6","Tundra:  Alpine",NA
"California","whtspa","White-throated Sparrow","Zonotrichia albicollis",0,0.01,0.01,0,"nonbreeding","12-20",0.03041,NA,"Forests:  Boreal",NA
"California","whtswi","White-throated Swift","Aeronautes saxatalis",13.5,10.61,18.64,14.03,"nonbreeding","12-27",29.25,"1 of 14","Open Country Aerial:  Habitat Mosaic",NA
"California","whwdov","White-winged Dove","Zenaida asiatica",1.14,0.1,0.05,0.37,"breeding","07-12",1.305,"4 of 8","Aridlands:  Desert Scrub","Forests:  Tropical Dry"
"California","whwsco2","White-winged Scoter","Melanitta deglandi",0.01,0.15,0.09,0.02,"postbreeding_migration","08-16",0.6494,"6 of 6","Wetlands:  Lakes and Rivers",NA
"California","wilfly","Willow Flycatcher","Empidonax traillii",0.07,10.88,0,5.85,"postbreeding_migration","09-20",25.88,"32 of 39","Open Country:  Habitat Mosaic","Forests:  Temperate Western"
"California","willet1","Willet","Tringa semipalmata",2.99,7.91,6.86,4.07,"nonbreeding","10-25",9.714,"6 of 30","Wetlands:  Seasonally Wet Grasslands","Coasts:  Saltmarsh"
"California","wilpha","Wilson's Phalarope","Phalaropus tricolor",1.28,1.92,0,0.1,"postbreeding_migration","08-23",4.455,"4 of 18","Wetlands:  Seasonally Wet Grasslands","Wetlands:  Freshwater Marsh"
"California","wilsap","Williamson's Sapsucker","Sphyrapicus thyroideus",14.93,8.92,6.78,5.38,"breeding","06-21",18.17,"3 of 11","Forests:  Temperate Western",NA
"California","wilsni1","Wilson's Snipe","Gallinago delicata",0.22,1.62,7.74,0.51,"nonbreeding","01-04",9.383,"9 of 20","Wetlands:  Generalist",NA
"California","wiltur","Wild Turkey","Meleagris gallopavo",2.7,2.7,2.7,2.7,"resident","year round resident",NA,"10 of 49","Forests:  Temperate Generalist",NA
"California","wlswar","Wilson's Warbler","Cardellina pusilla",2.31,3.46,0.01,5.5,"prebreeding_migration","05-03",22.04,"4 of 12","Forests:  Boreal","Forests:  Temperate Western"
"California","wooduc","Wood Duck","Aix sponsa",1.22,0.88,2.34,1.35,"nonbreeding","12-27",2.864,"26 of 48","Wetlands:  Forested","Forests:  Temperate Eastern"
"California","wooscj2","Woodhouse's Scrub-Jay","Aphelocoma woodhouseii",0.63,0.63,0.63,0.63,"resident","year round resident",NA,"7 of 11","Forests:  Temperate Western","Aridlands:  Chaparral"
"California","wrenti","Wrentit","Chamaea fasciata",75.18,75.18,75.18,75.18,"resident","year round resident",NA,"1 of 2","Aridlands:  Chaparral",NA
"California","y00475","American Coot","Fulica americana",6.59,11.97,17.79,14.54,"prebreeding_migration","03-01",19.59,"3 of 26","Wetlands:  Freshwater Marsh",NA
"California","y00478","Iceland Gull","Larus glaucoides",0,0.01,0.23,0.04,"nonbreeding","01-04",0.3845,NA,"Coasts:  Cliffs and Islands","Coasts:  Marine Waters"
"California","ycnher","Yellow-crowned Night Heron","Nyctanassa violacea",0.03,0.05,0.11,0.04,"nonbreeding","02-01",0.1722,"19 of 22","Wetlands:  Generalist","Coasts:  Mangroves"
"California","yebcha","Yellow-breasted Chat","Icteria virens",0.79,1,0,1.01,"postbreeding_migration","09-06",3.018,"28 of 38","Forests:  Temperate Eastern","Forests:  Temperate Western"
"California","yebcuc","Yellow-billed Cuckoo","Coccyzus americanus",0.01,0,0,0,"breeding","07-05",0.01358,"40 of 40","Forests:  Temperate Eastern",NA
"California","yebmag","Yellow-billed Magpie","Pica nuttalli",100,100,100,100,"resident","locally endemic year round",100,"1 of 1","Forests:  Temperate Western",NA
"California","yecpar","Yellow-chevroned Parakeet","Brotogeris chiriri",0.01,0.01,0.01,0.01,"resident","year round resident",NA,"1 of 1",NA,NA
"California","yehbla","Yellow-headed Blackbird","Xanthocephalus xanthocephalus",1.26,0.53,1.3,1.43,"prebreeding_migration","04-12",2.364,"12 of 19","Wetlands:  Freshwater Marsh",NA
"California","yelrai","Yellow Rail","Coturnicops noveboracensis",0.01,0,0,0,"unidentified","05-31",0.09221,"4 of 4","Wetlands:  Boreal","Wetlands:  Freshwater Marsh"
"California","yelwar","Yellow Warbler","Setophaga petechia",0.98,2.88,0.03,1.84,"postbreeding_migration","09-20",12.93,"18 of 39","Forests:  Temperate Generalist","Wetlands:  Generalist"
"California","yerwar","Yellow-rumped Warbler","Setophaga coronata",1.64,4.83,8.32,3.8,"prebreeding_migration","04-05",16.94,"4 of 23","Forests:  Boreal","Forests:  Temperate Western"
"California","zothaw","Zone-tailed Hawk","Buteo albonotatus",0.02,0.04,0.02,0.01,"postbreeding_migration","09-20",0.08507,"4 of 5","Forests:  Tropical Generalist",NA
