"state_name","species_code","common_name","scientific_name","trend_period","season_code","state_trend_median","state_trend_lowerci","state_trend_upperci","rangewide_trend_median","rangewide_trend_lowerci","rangewide_trend_upperci","breeding_habitat_primary","breeding_habitat_secondary"
"California","abetow","Abert's Towhee","Melozone aberti","2012-2022","year_round",0.599,-9.61,5.93,10.5,4.32,15.5,"Aridlands:  Desert Riparian","Aridlands:  Desert Scrub"
"California","acowoo","Acorn Woodpecker","Melanerpes formicivorus","2012-2022","year_round",8.56,6.06,10.9,13.4,10,17,"Forests:  Mesoamerican Pine-Oak","Forests:  Temperate Western"
"California","allhum","Allen's Hummingbird","Selasphorus sasin","2012-2022","breeding",-2.61,-7.27,3.43,-2.38,-7.1,3.67,"Aridlands:  Chaparral",NA
"California","ameavo","American Avocet","Recurvirostra americana","2012-2022","breeding",-17.5,-24.6,-12.6,-2.16,-7.79,3.51,"Wetlands:  Freshwater Marsh",NA
"California","amebit","American Bittern","Botaurus lentiginosus","2012-2022","breeding",-33.3,-43.2,-20.9,-32.4,-34.9,-22,"Wetlands:  Freshwater Marsh",NA
"California","amecro","American Crow","Corvus brachyrhynchos","2012-2022","breeding",-10.8,-15.5,-5.38,-10.1,-11.8,-8.42,"Open Country:  Habitat Mosaic","Open Country:  Developed/Disturbed"
"California","amedip","American Dipper","Cinclus mexicanus","2012-2022","year_round",-1.43,-9.52,12.6,-4.23,-11.7,7.92,"Wetlands:  Lakes and Rivers",NA
"California","amegfi","American Goldfinch","Spinus tristis","2012-2022","breeding",-31.5,-36,-25.1,-12.1,-14.1,-10.5,"Open Country:  Habitat Mosaic",NA
"California","amekes","American Kestrel","Falco sparverius","2012-2022","breeding",-16.9,-26.3,-11.6,-20.3,-25,-14.5,"Open Country:  Habitat Mosaic",NA
"California","amepip","American Pipit","Anthus rubescens","2012-2022","nonbreeding",5.68,-1.08,14.3,-19.2,-21.8,-16.1,"Tundra:  Alpine","Tundra:  Arctic"
"California","amered","American Redstart","Setophaga ruticilla","2012-2022","breeding",25.1,3.49,38.4,6.15,3.89,8.6,"Forests:  Temperate Generalist",NA
"California","amerob","American Robin","Turdus migratorius","2012-2022","breeding",-2.01,-6.01,1.27,-4.16,-6.56,-1.83,"Forests:  Temperate Generalist",NA
"California","amewig","American Wigeon","Mareca americana","2012-2022","nonbreeding",-7,-12,-1.79,-14.6,-17.1,-11.7,"Wetlands:  Seasonally Wet Grasslands","Wetlands:  Freshwater Marsh"
"California","amtspa","American Tree Sparrow","Spizelloides arborea","2012-2022","nonbreeding",-19.5,-29.4,-5.8,-26.7,-31.5,-23.6,"Tundra:  Arctic","Forests:  Boreal"
"California","amwpel","American White Pelican","Pelecanus erythrorhynchos","2012-2022","breeding",-5.38,-12.9,-0.687,4.79,-0.0718,10.1,"Wetlands:  Lakes and Rivers",NA
"California","annhum","Anna's Hummingbird","Calypte anna","2012-2022","breeding",3.61,0.575,7.1,10.5,7.3,14.5,"Aridlands:  Chaparral","Forests:  Temperate Western"
"California","astfly","Ash-throated Flycatcher","Myiarchus cinerascens","2012-2022","breeding",13.1,10.2,16.2,14.6,10.1,18.6,"Aridlands:  Desert Scrub","Forests:  Temperate Western"
"California","baleag","Bald Eagle","Haliaeetus leucocephalus","2012-2022","breeding",59.6,51,77.6,8.19,1.67,16.5,"Wetlands:  Generalist","Coasts:  Beach and Estuary"
"California","balori","Baltimore Oriole","Icterus galbula","2012-2022","breeding",-13.2,-29.9,5.65,12.1,8.58,14.4,"Forests:  Temperate Eastern",NA
"California","banswa","Bank Swallow","Riparia riparia","2012-2022","breeding",-25.2,-31.4,-19.2,-2.82,-8.47,1.1,"Wetlands Aerial:  Lakes and Rivers","Open Country Aerial:  Habitat Mosaic"
"California","bargol","Barrow's Goldeneye","Bucephala islandica","2012-2022","nonbreeding",-12.1,-17.2,-5.47,10.3,1.27,19.6,"Wetlands:  Forested","Wetlands:  Lakes and Rivers"
"California","barswa","Barn Swallow","Hirundo rustica","2012-2022","breeding",-13.6,-16,-10.6,-15.6,-18.2,-12.7,"Open Country Aerial:  Habitat Mosaic",NA
"California","batpig1","Band-tailed Pigeon","Patagioenas fasciata","2012-2022","breeding",4.04,-0.843,9.24,13.9,8.47,20,"Forests:  Temperate Western","Forests:  Mesoamerican Highland"
"California","bcnher","Black-crowned Night Heron","Nycticorax nycticorax","2012-2022","breeding",-30.4,-38.5,-27.4,-20.9,-24.9,-17.3,"Wetlands:  Generalist","Coasts:  Saltmarsh"
"California","belkin1","Belted Kingfisher","Megaceryle alcyon","2012-2022","breeding",-5.26,-13.9,14.6,-3.35,-16.2,0.971,"Wetlands:  Generalist",NA
"California","belspa2","Bell's Sparrow","Artemisiospiza belli","2012-2022","breeding",23.4,16.5,31.1,21.4,15.1,28.1,"Aridlands:  Chaparral",NA
"California","belvir","Bell's Vireo","Vireo bellii","2012-2022","breeding",25.3,6.61,40.2,19.8,16.2,23.5,"Aridlands:  Desert Riparian","Forests:  Temperate Eastern"
"California","bewwre","Bewick's Wren","Thryomanes bewickii","2012-2022","breeding",-20.1,-22.8,-17.2,-9.82,-15.1,-7.89,"Aridlands:  Desert Scrub","Forests:  Temperate Western"
"California","bkbmag1","Black-billed Magpie","Pica hudsonia","2012-2022","year_round",-8.26,-11.7,-3.69,-3.37,-6.36,-0.862,"Open Country:  Habitat Mosaic",NA
"California","bkbplo","Black-bellied Plover","Pluvialis squatarola","2012-2022","nonbreeding",-28.7,-39.1,-20.6,-14,-18.4,-8.34,"Wetlands:  Tundra","Tundra:  Arctic"
"California","bkbwoo","Black-backed Woodpecker","Picoides arcticus","2012-2022","year_round",-17.5,-27.8,-11.5,-19.3,-24.1,-15.9,"Forests:  Boreal","Forests:  Temperate Western"
"California","bkcchi","Black-capped Chickadee","Poecile atricapillus","2012-2022","year_round",8.87,-0.233,18.2,-7.36,-9.18,-6.08,"Forests:  Temperate Generalist",NA
"California","bkchum","Black-chinned Hummingbird","Archilochus alexandri","2012-2022","breeding",-21.4,-28.3,-18.6,5.09,0.854,9.99,"Forests:  Temperate Western","Aridlands:  Desert Riparian"
"California","bkcspa","Black-chinned Sparrow","Spizella atrogularis","2012-2022","breeding",-18.2,-31,-6.29,-22,-27.5,-16.4,"Aridlands:  Chaparral",NA
"California","bkhgro","Black-headed Grosbeak","Pheucticus melanocephalus","2012-2022","breeding",1.42,-1.91,5.07,6.02,2.63,8.87,"Forests:  Temperate Western","Forests:  Mesoamerican Pine-Oak"
"California","bknsti","Black-necked Stilt","Himantopus mexicanus","2012-2022","breeding",-20.9,-27,-16.8,-3.39,-9.22,2.55,"Wetlands:  Freshwater Marsh",NA
"California","bktgna","Black-tailed Gnatcatcher","Polioptila melanura","2012-2022","year_round",6.04,-4.35,14.8,10.9,6.01,17.7,"Aridlands:  Desert Scrub",NA
"California","bktspa","Black-throated Sparrow","Amphispiza bilineata","2012-2022","breeding",12.2,5.42,17.9,-16,-19.2,-12.1,"Aridlands:  Desert Scrub",NA
"California","blkoys","Black Oystercatcher","Haematopus bachmani","2012-2022","year_round",-3.84,-11.8,5.22,-0.685,-8.03,12.3,"Coasts:  Rocky Intertidal",NA
"California","blkpho","Black Phoebe","Sayornis nigricans","2012-2022","breeding",0.989,-1.42,3.71,1.54,0.482,8.71,"Wetlands:  Generalist",NA
"California","blksco2","Black Scoter","Melanitta americana","2012-2022","nonbreeding",-23.7,-29.3,-15.1,11.7,5.64,20.2,"Wetlands:  Tundra",NA
"California","blkski","Black Skimmer","Rynchops niger","2012-2022","breeding",-43.8,-54.4,-32.8,-26.6,-32.5,-20.8,"Coasts:  Beach and Estuary","Coasts:  Saltmarsh"
"California","blkswi","Black Swift","Cypseloides niger","2012-2022","breeding",-21.9,-28.9,-12.7,-25.6,-34.3,-16.7,"Forest Aerial:  Temperate Western","Forests Aerial:  Mesoamerican Highland"
"California","blkter","Black Tern","Chlidonias niger","2012-2022","breeding",-48.4,-53.5,-42.9,-33.7,-39,-30.2,"Wetlands:  Freshwater Marsh",NA
"California","blktur","Black Turnstone","Arenaria melanocephala","2012-2022","nonbreeding",-28.1,-36.2,-21.3,0.717,-11.4,13.4,"Coasts:  Tundra","Tundra:  Arctic"
"California","blugrb1","Blue Grosbeak","Passerina caerulea","2012-2022","breeding",-22.1,-31.2,-15.5,6.1,-2.07,10.3,"Forests:  Temperate Eastern","Aridlands:  Desert Riparian"
"California","bncfly","Brown-crested Flycatcher","Myiarchus tyrannulus","2012-2022","breeding",-33.5,-41.4,-24.9,13.5,8.05,19.5,"Forests:  Tropical Dry","Aridlands:  Desert Riparian"
"California","bnhcow","Brown-headed Cowbird","Molothrus ater","2012-2022","breeding",-4.84,-9.3,0.325,2.34,-1.02,4.86,"Open Country:  Habitat Mosaic",NA
"California","boboli","Bobolink","Dolichonyx oryzivorus","2012-2022","breeding",-23.5,-38.9,-12.9,-21.7,-24.3,-19.5,"Grasslands:  Temperate",NA
"California","bongul","Bonaparte's Gull","Chroicocephalus philadelphia","2012-2022","nonbreeding",-44.4,-50.3,-36.4,-27,-31.8,-22.8,"Wetlands:  Boreal",NA
"California","brant","Brant","Branta bernicla","2012-2022","nonbreeding",-27.7,-38.9,-17.8,-20.4,-25.7,-14.8,"Coasts:  Saltmarsh","Coasts:  Tundra"
"California","brdowl","Barred Owl","Strix varia","2012-2022","year_round",-0.107,-11.6,35.7,18.8,9.33,27.9,"Forests:  Temperate Eastern","Forests:  Temperate Western"
"California","brebla","Brewer's Blackbird","Euphagus cyanocephalus","2012-2022","breeding",-21.6,-24.1,-16.8,-12.5,-20.3,-9.57,"Open Country:  Habitat Mosaic",NA
"California","brespa","Brewer's Sparrow","Spizella breweri","2012-2022","breeding",-0.136,-6.94,9.72,-12.2,-17.7,-5.16,"Aridlands:  Sagebrush",NA
"California","brncre","Brown Creeper","Certhia americana","2012-2022","breeding",-4.61,-13.2,1.91,-9.55,-14.4,-4.18,"Forests:  Temperate Generalist",NA
"California","brnowl","Barn Owl","Tyto alba","2012-2022","year_round",-19,-23.4,-8.47,-17.4,-23.8,-8.47,"Open Country:  Habitat Mosaic","Open Country:  Developed/Disturbed"
"California","brnpel","Brown Pelican","Pelecanus occidentalis","2012-2022","breeding",-40.5,-47.5,-32.3,-8.95,-13.2,-6.1,"Coasts:  Beach and Estuary","Coasts:  Marine Waters"
"California","brocow","Bronzed Cowbird","Molothrus aeneus","2012-2022","breeding",-19.8,-31.6,-13.4,5.78,1.11,9.37,"Open Country:  Habitat Mosaic","Forests:  Tropical Dry"
"California","brthum","Broad-tailed Hummingbird","Selasphorus platycercus","2012-2022","breeding",8.08,-3.89,15.9,-8.52,-12.2,-4.05,"Forests:  Temperate Western","Forests:  Mesoamerican Pine-Oak"
"California","btywar","Black-throated Gray Warbler","Setophaga nigrescens","2012-2022","breeding",16.7,9.64,26.2,24.2,18.8,29.2,"Forests:  Temperate Western","Forests:  Mesoamerican Pine-Oak"
"California","buffle","Bufflehead","Bucephala albeola","2012-2022","nonbreeding",0.0167,-3.72,3.83,-8.4,-10.8,-6.53,"Wetlands:  Forested","Wetlands:  Lakes and Rivers"
"California","buggna","Blue-gray Gnatcatcher","Polioptila caerulea","2012-2022","breeding",13.5,2.93,33.2,2.53,-1.27,7.66,"Forests:  Generalist",NA
"California","bulori","Bullock's Oriole","Icterus bullockii","2012-2022","breeding",-8.01,-11.8,-3.7,1.17,-2.68,4.42,"Forests:  Temperate Western",NA
"California","burowl","Burrowing Owl","Athene cunicularia","2012-2022","breeding",-15.2,-20.5,-9.15,-27.5,-31.9,-23.4,"Grasslands:  Temperate","Aridlands:  Desert Scrub"
"California","bushti","Bushtit","Psaltriparus minimus","2012-2022","year_round",-11,-13.8,-9.05,8.92,4.68,13.3,"Forests:  Temperate Western","Forests:  Mesoamerican Pine-Oak"
"California","buwtea","Blue-winged Teal","Spatula discors","2012-2022","breeding",-14.3,-18.5,-7.03,-7.96,-12.6,-3.46,"Wetlands:  Seasonally Wet Grasslands","Wetlands:  Freshwater Marsh"
"California","cacgoo1","Cackling Goose","Branta hutchinsii","2012-2022","nonbreeding",79.4,45.3,120,16.3,9.83,28.6,"Wetlands:  Tundra","Coasts:  Tundra"
"California","cacwre","Cactus Wren","Campylorhynchus brunneicapillus","2012-2022","year_round",-33.5,-38.2,-29.4,-14.2,-16.3,-11.1,"Aridlands:  Desert Scrub",NA
"California","calgna","California Gnatcatcher","Polioptila californica","2012-2022","year_round",-16.5,-34.7,-7.48,-19.6,-44.8,-6.43,"Aridlands:  Chaparral",NA
"California","calgul","California Gull","Larus californicus","2012-2022","breeding",-15.3,-26,-6.72,-9.53,-16.2,-3.61,"Coasts:  Beach and Estuary","Wetlands:  Lakes and Rivers"
"California","calhum","Calliope Hummingbird","Selasphorus calliope","2012-2022","breeding",-13.1,-20.8,-9.87,-10.2,-14.3,-6.41,"Forests:  Temperate Western",NA
"California","calqua","California Quail","Callipepla californica","2012-2022","year_round",6.6,2.17,10.1,2.3,-1.32,5.9,"Aridlands:  Chaparral",NA
"California","calthr","California Thrasher","Toxostoma redivivum","2012-2022","year_round",9.99,2.28,16.2,9.72,2.11,16.3,"Aridlands:  Chaparral",NA
"California","caltow","California Towhee","Melozone crissalis","2012-2022","year_round",-8.7,-11.8,-6.15,-5.52,-7.66,-2.6,"Aridlands:  Chaparral",NA
"California","cangoo","Canada Goose","Branta canadensis","2012-2022","breeding",13.2,8.34,18.8,-1.52,-6.38,2.14,"Wetlands:  Generalist",NA
"California","canvas","Canvasback","Aythya valisineria","2012-2022","nonbreeding",-22.4,-26.3,-17.4,-26.7,-31.6,-21.2,"Wetlands:  Seasonally Wet Grasslands","Wetlands:  Freshwater Marsh"
"California","canwre","Canyon Wren","Catherpes mexicanus","2012-2022","year_round",-10.3,-16.5,1.76,-20.8,-25.1,-15.8,"Aridlands:  Desert Scrub",NA
"California","casfin","Cassin's Finch","Haemorhous cassinii","2012-2022","breeding",-8.34,-13.2,1.25,-5.86,-7.96,1.89,"Forests:  Temperate Western",NA
"California","caskin","Cassin's Kingbird","Tyrannus vociferans","2012-2022","breeding",50.7,37.7,63.1,3.32,-0.787,9.93,"Open Country:  Habitat Mosaic",NA
"California","casspa","Cassin's Sparrow","Peucaea cassinii","2012-2022","breeding",-5.87,-28.6,27.1,-20.1,-25.4,-12.9,"Grasslands:  Temperate",NA
"California","caster1","Caspian Tern","Hydroprogne caspia","2012-2022","breeding",-26.1,-31.1,-20.3,-25.6,-36,-15.7,"Wetlands:  Lakes and Rivers",NA
"California","casvir","Cassin's Vireo","Vireo cassinii","2012-2022","breeding",1.26,-7.18,8.99,-0.0281,-5.3,6.34,"Forests:  Temperate Western",NA
"California","categr","Western/Eastern Cattle Egret","Bubulcus ibis/coromandus","2012-2022","breeding",-27.3,-34.6,-17.6,-25.7,-29.2,-22.8,"Grasslands:  Temperate","Grasslands:  Temperate"
"California","cedwax","Cedar Waxwing","Bombycilla cedrorum","2012-2022","breeding",18,7.19,28.9,-11.7,-14.9,-9.12,"Forests:  Temperate Generalist",NA
"California","chbchi","Chestnut-backed Chickadee","Poecile rufescens","2012-2022","year_round",-5.33,-9.77,1.26,1.07,-4.91,6.84,"Forests:  Temperate Western",NA
"California","chispa","Chipping Sparrow","Spizella passerina","2012-2022","breeding",-17.8,-22.1,-12.9,-14.6,-17,-13.2,"Forests:  Temperate Generalist",NA
"California","chukar","Chukar","Alectoris chukar","2012-2022","year_round",-1.94,-20,11.2,0.262,-12.5,13,"Aridlands:  Desert Scrub",NA
"California","cintea","Cinnamon Teal","Spatula cyanoptera","2012-2022","breeding",-7.71,-13.8,-1.42,19.4,11.2,26.3,"Wetlands:  Freshwater Marsh",NA
"California","clanut","Clark's Nutcracker","Nucifraga columbiana","2012-2022","year_round",-5.11,-11.8,-1.57,-5.9,-9.84,0.446,"Forests:  Temperate Western",NA
"California","cliswa","Cliff Swallow","Petrochelidon pyrrhonota","2012-2022","breeding",-16.8,-18.6,-13.6,-15.6,-18.4,-12.1,"Open Country Aerial:  Habitat Mosaic",NA
"California","cogdov","Common Ground Dove","Columbina passerina","2012-2022","breeding",-17.4,-34.7,-1.73,-14.8,-18.2,-12,"Aridlands:  Desert Scrub","Forests:  Tropical Dry"
"California","comgal1","Common Gallinule","Gallinula galeata","2012-2022","breeding",3.34,-1.93,11.9,10.7,7.04,14.5,"Wetlands:  Freshwater Marsh",NA
"California","comgol","Common Goldeneye","Bucephala clangula","2012-2022","nonbreeding",-0.206,-6.68,4.05,-12.9,-23,-2.35,"Wetlands:  Forested","Wetlands:  Lakes and Rivers"
"California","comloo","Common Loon","Gavia immer","2012-2022","nonbreeding",-21.8,-30.3,-16.3,-17,-21.7,-13,"Wetlands:  Lakes and Rivers",NA
"California","commer","Common Merganser","Mergus merganser","2012-2022","nonbreeding",-11.5,-15.5,-7.8,-17.6,-23.4,-12.5,"Wetlands:  Forested","Wetlands:  Lakes and Rivers"
"California","comnig","Common Nighthawk","Chordeiles minor","2012-2022","breeding",-7.16,-13.7,1.59,-0.782,-4.92,4.56,"Open Country Aerial:  Habitat Mosaic",NA
"California","compoo","Common Poorwill","Phalaenoptilus nuttallii","2012-2022","breeding",5.89,-2.63,22,0.567,-6.62,17.3,"Aridlands:  Desert Scrub","Aridlands:  Sagebrush"
"California","comrav","Common Raven","Corvus corax","2012-2022","year_round",22.4,17.4,27.2,4.79,-0.381,9.87,"Open Country:  Habitat Mosaic",NA
"California","comred","Common Redpoll","Acanthis flammea","2012-2022","nonbreeding",-70.5,-77.8,-63.3,-33.6,-37.3,-28.6,"Tundra:  Arctic","Forests:  Boreal"
"California","comyel","Common Yellowthroat","Geothlypis trichas","2012-2022","breeding",-7.35,-12.2,-2.86,-4.18,-6.81,-2.44,"Open Country:  Habitat Mosaic","Wetlands:  Freshwater Marsh"
"California","coohaw","Cooper's Hawk","Accipiter cooperii","2012-2022","breeding",7.76,-3.88,20.1,-2.88,-11.4,5.64,"Forests:  Temperate Generalist",NA
"California","coshum","Costa's Hummingbird","Calypte costae","2012-2022","breeding",4.53,1.08,11,16.2,9.51,19.3,"Aridlands:  Desert Scrub",NA
"California","cowscj1","California Scrub-Jay","Aphelocoma californica","2012-2022","year_round",1.73,-3.01,5.14,2.01,-2.27,5.66,"Forests:  Temperate Western","Aridlands:  Chaparral"
"California","crithr","Crissal Thrasher","Toxostoma crissale","2012-2022","year_round",-24.6,-30.1,-11.9,-2.1,-6.66,5.68,"Aridlands:  Desert Scrub","Aridlands:  Desert Riparian"
"California","cubthr","Curve-billed Thrasher","Toxostoma curvirostre","2012-2022","year_round",-17.2,-31.2,1.74,7.92,1.71,13.6,"Aridlands:  Desert Scrub",NA
"California","daejun","Dark-eyed Junco","Junco hyemalis","2012-2022","breeding",-14.8,-18.2,-11.9,-16.7,-19.5,-14.4,"Forests:  Temperate Generalist",NA
"California","doccor","Double-crested Cormorant","Nannopterum auritum","2012-2022","breeding",-39.2,-49.8,-30.9,-9.9,-12.9,-6.79,"Wetlands:  Generalist","Coasts:  Beach and Estuary"
"California","dowwoo","Downy Woodpecker","Dryobates pubescens","2012-2022","year_round",12,5.75,21,17.6,16,20.3,"Forests:  Temperate Generalist",NA
"California","dunlin","Dunlin","Calidris alpina","2012-2022","nonbreeding",-18.3,-23.2,-7.75,-32,-36.4,-24.2,"Wetlands:  Tundra","Coasts:  Tundra"
"California","dusfly","Dusky Flycatcher","Empidonax oberholseri","2012-2022","breeding",6.41,1.22,16.4,7.28,1.85,12.8,"Forests:  Temperate Western",NA
"California","easkin","Eastern Kingbird","Tyrannus tyrannus","2012-2022","breeding",0.632,-8.64,14.1,4.93,2.57,7.99,"Open Country:  Habitat Mosaic","Grasslands:  Temperate"
"California","egygoo","Egyptian Goose","Alopochen aegyptiaca","2012-2022","year_round",95.4,37,137,47.4,37.2,55.8,NA,NA
"California","eucdov","Eurasian Collared-Dove","Streptopelia decaocto","2012-2022","year_round",15.5,9.18,21.2,-3.02,-5.6,1.58,"Open Country:  Developed/Disturbed",NA
"California","eursta","European Starling","Sturnus vulgaris","2012-2022","breeding",-13,-17.2,-7.89,-14.9,-17.5,-12.8,"Open Country:  Developed/Disturbed",NA
"California","evegro","Evening Grosbeak","Coccothraustes vespertinus","2012-2022","breeding",-23.5,-34.2,-8.93,5.24,-4.03,9.63,"Forests:  Boreal","Forests:  Temperate Western"
"California","flaowl","Flammulated Owl","Psiloscops flammeolus","2012-2022","breeding",-1.41,-15.9,22.6,0.0845,-5.61,10.5,"Forests:  Temperate Western","Forests:  Mesoamerican Pine-Oak"
"California","forter","Forster's Tern","Sterna forsteri","2012-2022","breeding",-30.4,-44.8,-16.2,-16.5,-21.8,-11.5,"Wetlands:  Freshwater Marsh",NA
"California","foxspa","Fox Sparrow","Passerella iliaca","2012-2022","nonbreeding",-35.2,-42.6,-27.8,-18.4,-22.9,-13.5,"Forests:  Boreal","Forests:  Temperate Western"
"California","fragul","Franklin's Gull","Leucophaeus pipixcan","2012-2022","breeding",20.4,7.97,37.7,6.72,-0.994,11.5,"Wetlands:  Freshwater Marsh",NA
"California","gadwal","Gadwall","Mareca strepera","2012-2022","breeding",11.4,5.97,17.5,21.2,15.8,27.7,"Wetlands:  Seasonally Wet Grasslands","Wetlands:  Freshwater Marsh"
"California","gamqua","Gambel's Quail","Callipepla gambelii","2012-2022","year_round",6.02,-1.84,15.7,3,-2.77,7.19,"Aridlands:  Desert Scrub","Aridlands:  Desert Riparian"
"California","gilfli","Gilded Flicker","Colaptes chrysoides","2012-2022","year_round",-4.04,-28.2,13.6,13.5,3.27,19.4,"Aridlands:  Desert Scrub","Aridlands:  Desert Riparian"
"California","gilwoo","Gila Woodpecker","Melanerpes uropygialis","2012-2022","year_round",13.1,2.75,23.2,16.7,9.58,24.4,"Aridlands:  Desert Scrub","Aridlands:  Desert Riparian"
"California","glwgul","Glaucous-winged Gull","Larus glaucescens","2012-2022","nonbreeding",-23.2,-29.4,-15.5,-38.4,-42.7,-36,"Coasts:  Cliffs and Islands","Coasts:  Marine Waters"
"California","gnttow","Green-tailed Towhee","Pipilo chlorurus","2012-2022","breeding",3.53,-2.55,11.9,7.79,1.09,16.8,"Aridlands:  Sagebrush",NA
"California","gnwtea","Green-winged Teal","Anas crecca","2012-2022","nonbreeding",-9.51,-17.7,-2.74,-15.5,-20.7,-9.38,"Wetlands:  Generalist",NA
"California","gockin","Golden-crowned Kinglet","Regulus satrapa","2012-2022","breeding",-37.9,-43.3,-31.6,-21.5,-25.6,-18,"Forests:  Boreal","Forests:  Temperate Western"
"California","gocspa","Golden-crowned Sparrow","Zonotrichia atricapilla","2012-2022","nonbreeding",-10,-12.6,-6.34,-10,-12.4,-6.85,"Tundra:  Alpine","Forests:  Temperate Western"
"California","goleag","Golden Eagle","Aquila chrysaetos","2012-2022","breeding",-15.8,-30.6,-5.55,-18.5,-27.7,-9.62,"Open Country:  Habitat Mosaic",NA
"California","graspa","Grasshopper Sparrow","Ammodramus savannarum","2012-2022","breeding",-35.9,-41.1,-21.2,-15.6,-17.8,-11.2,"Grasslands:  Temperate",NA
"California","grbher3","Great Blue Heron","Ardea herodias","2012-2022","breeding",-12.9,-17.5,-8.67,-10.8,-14.1,-8.23,"Wetlands:  Generalist","Coasts:  Saltmarsh"
"California","greegr","Great Egret","Ardea alba","2012-2022","breeding",-12.4,-17.1,-8.53,-14.6,-19.1,-11.1,"Wetlands:  Generalist","Coasts:  Saltmarsh"
"California","greroa","Greater Roadrunner","Geococcyx californianus","2012-2022","year_round",-12.5,-17.9,-5.76,-19.8,-26,-13.3,"Aridlands:  Desert Scrub",NA
"California","gresca","Greater Scaup","Aythya marila","2012-2022","nonbreeding",-18.4,-28,-3.88,-14.4,-21.1,-7.61,"Wetlands:  Tundra",NA
"California","greyel","Greater Yellowlegs","Tringa melanoleuca","2012-2022","breeding",5.23,-6.02,29.2,28.6,17,38.4,"Wetlands:  Boreal",NA
"California","grhowl","Great Horned Owl","Bubo virginianus","2012-2022","year_round",10.5,-6.16,42.8,-1,-6.32,16.6,"Open Country:  Habitat Mosaic",NA
"California","grnher","Green Heron","Butorides virescens","2012-2022","breeding",-13.1,-16.6,-8.73,-8.21,-11.4,-3.63,"Wetlands:  Freshwater Marsh",NA
"California","grtgra","Great-tailed Grackle","Quiscalus mexicanus","2012-2022","breeding",-5.21,-8.84,-1.61,-11,-13.5,-8.87,"Open Country:  Developed/Disturbed",NA
"California","gryfly","Gray Flycatcher","Empidonax wrightii","2012-2022","breeding",21.8,9,34.5,22.7,12.7,32.5,"Forests:  Temperate Western",NA
"California","gryjay","Canada Jay","Perisoreus canadensis","2012-2022","year_round",3.15,-7.32,16.2,13.8,7.48,20.3,"Forests:  Boreal","Forests:  Temperate Western"
"California","gryvir","Gray Vireo","Vireo vicinior","2012-2022","breeding",-21.9,-33.1,-1.48,-8.11,-13.6,6.78,"Forests:  Temperate Western","Aridlands:  Chaparral"
"California","gubter1","Gull-billed/Australian Tern","Gelochelidon nilotica/macrotarsa","2012-2022","breeding",16.1,-0.784,77.5,-1.02,-9.32,4.69,"Coasts:  Beach and Estuary","Coasts:  Beach and Estuary"
"California","gwfgoo","Greater White-fronted Goose","Anser albifrons","2012-2022","nonbreeding",19.2,11.2,28.1,15.3,7.73,25.2,"Wetlands:  Tundra",NA
"California","haiwoo","Hairy Woodpecker","Dryobates villosus","2012-2022","year_round",12.1,-5.69,18.4,13.9,8.95,21.5,"Forests:  Generalist",NA
"California","hamfly","Hammond's Flycatcher","Empidonax hammondii","2012-2022","breeding",2.09,-1.72,13.2,14.4,7.56,22.4,"Forests:  Temperate Western",NA
"California","harduc","Harlequin Duck","Histrionicus histrionicus","2012-2022","nonbreeding",-8.05,-27.8,16,-8.39,-15.4,-1.11,"Wetlands:  Lakes and Rivers","Coasts:  Beach and Estuary"
"California","harspa","Harris's Sparrow","Zonotrichia querula","2012-2022","nonbreeding",-6.55,-31.8,31,-15.3,-18.3,-11.9,"Tundra:  Arctic","Forests:  Boreal"
"California","heegul","Heermann's Gull","Larus heermanni","2012-2022","nonbreeding",-35.7,-40.8,-28.4,-50.8,-55,-46.1,"Coasts:  Beach and Estuary","Coasts:  Marine Waters"
"California","heptan","Hepatic Tanager","Piranga flava","2012-2022","breeding",-9,-16.2,-0.231,10.9,2.94,26.1,"Forests:  Mesoamerican Pine-Oak","Forests:  Tropical Montane Evergreen"
"California","hergul","Herring Gull","Larus argentatus","2012-2022","nonbreeding",-23.4,-33.7,-17,-23.7,-28.7,-19.5,"Coasts:  Beach and Estuary","Wetlands:  Lakes and Rivers"
"California","herthr","Hermit Thrush","Catharus guttatus","2012-2022","breeding",-7.24,-13.2,0.769,-23.6,-26,-18.9,"Forests:  Temperate Generalist",NA
"California","herwar","Hermit Warbler","Setophaga occidentalis","2012-2022","breeding",1.08,-4.46,9.34,1.07,-4.22,7.05,"Forests:  Temperate Western",NA
"California","hoomer","Hooded Merganser","Lophodytes cucullatus","2012-2022","nonbreeding",4.62,-0.398,10.5,-9.29,-12.1,-6.8,"Wetlands:  Forested","Wetlands:  Lakes and Rivers"
"California","hooori","Hooded Oriole","Icterus cucullatus","2012-2022","breeding",36,30.7,43.2,25.1,19.4,30.5,"Forests:  Generalist",NA
"California","horgre","Horned Grebe","Podiceps auritus","2012-2022","nonbreeding",-55.7,-60.1,-51.3,-30.2,-35.5,-16.6,"Wetlands:  Freshwater Marsh",NA
"California","horlar","Horned Lark","Eremophila alpestris","2012-2022","breeding",-9.19,-16.8,12.3,-14.2,-17.6,-6.84,"Grasslands:  Temperate","Tundra:  Arctic"
"California","houfin","House Finch","Haemorhous mexicanus","2012-2022","year_round",0.666,-2.28,5.96,0.462,-3.98,4.55,"Open Country:  Habitat Mosaic","Aridlands:  Desert Scrub"
"California","houspa","House Sparrow","Passer domesticus","2012-2022","year_round",3.65,-1.59,9.55,10.9,5.62,17.1,"Open Country:  Developed/Disturbed",NA
"California","houwre","House Wren","Troglodytes aedon","2012-2022","breeding",-22.1,-24.9,-16.3,3.02,0.929,5.57,"Forests:  Generalist","Open Country:  Developed/Disturbed"
"California","hrshaw","Harris's Hawk","Parabuteo unicinctus","2012-2022","year_round",11.1,-14.2,67.6,-18.1,-23,-12.4,"Aridlands:  Desert Scrub",NA
"California","hutvir","Hutton's Vireo","Vireo huttoni","2012-2022","year_round",-12.6,-18.3,-8.74,10.2,3.26,22.7,"Forests:  Temperate Western","Forests:  Mesoamerican Highland"
"California","incdov","Inca Dove","Columbina inca","2012-2022","year_round",-12.8,-23.8,-0.672,-0.846,-4.81,3.23,"Open Country:  Habitat Mosaic",NA
"California","indbun","Indigo Bunting","Passerina cyanea","2012-2022","breeding",-12.6,-20.2,-1.04,-8.57,-10.6,-6.68,"Forests:  Temperate Eastern",NA
"California","juntit1","Juniper Titmouse","Baeolophus ridgwayi","2012-2022","year_round",-13.9,-23.4,-8.02,5.45,-0.427,13.3,"Forests:  Temperate Western",NA
"California","killde","Killdeer","Charadrius vociferus","2012-2022","breeding",-21.1,-24.4,-17.7,-15.7,-20.1,-12,"Open Country:  Habitat Mosaic","Wetlands:  Generalist"
"California","labwoo","Ladder-backed Woodpecker","Dryobates scalaris","2012-2022","year_round",9.54,-5.77,15.6,8.94,4.3,14.8,"Aridlands:  Desert Scrub","Forests:  Tropical Dry"
"California","laplon","Lapland Longspur","Calcarius lapponicus","2012-2022","nonbreeding",-28.3,-38.8,-20.9,3.57,-10.6,14,"Tundra:  Arctic",NA
"California","larspa","Lark Sparrow","Chondestes grammacus","2012-2022","breeding",-17.4,-24.3,-12,-16,-18.9,-13.3,"Open Country:  Habitat Mosaic",NA
"California","laugul","Laughing Gull","Leucophaeus atricilla","2012-2022","breeding",-7.54,-16.8,5.25,-21.8,-27.5,-17.5,"Coasts:  Beach and Estuary","Coasts:  Marine Waters"
"California","lawgol","Lawrence's Goldfinch","Spinus lawrencei","2012-2022","breeding",18.4,4.73,28.7,17.6,4.59,27.2,"Aridlands:  Chaparral","Aridlands:  Desert Riparian"
"California","lazbun","Lazuli Bunting","Passerina amoena","2012-2022","breeding",1.9,-2.23,9.62,10.6,7.19,14.7,"Forests:  Temperate Western",NA
"California","lbbgul","Lesser Black-backed Gull","Larus fuscus","2012-2022","nonbreeding",56.5,32.3,86.1,38.7,30.2,50.4,"Coasts:  Beach and Estuary","Coasts:  Marine Waters"
"California","leabit","Least Bittern","Ixobrychus exilis","2012-2022","breeding",4.03,-8.6,19.6,-3.95,-8.56,2.82,"Wetlands:  Freshwater Marsh",NA
"California","leasan","Least Sandpiper","Calidris minutilla","2012-2022","nonbreeding",-2.64,-10.6,4.3,-4.55,-7.48,1.29,"Wetlands:  Tundra",NA
"California","leater1","Least Tern","Sternula antillarum","2012-2022","breeding",-17.5,-29.4,-0.034,-8.45,-13.3,-4.33,"Coasts:  Beach and Estuary","Wetlands:  Lakes and Rivers"
"California","lecthr","LeConte's Thrasher","Toxostoma lecontei","2012-2022","year_round",7.01,-7.91,29.7,-12.1,-27.2,2.36,"Aridlands:  Desert Scrub",NA
"California","lesgol","Lesser Goldfinch","Spinus psaltria","2012-2022","breeding",0.215,-3.55,2.79,-3.21,-6.6,0.512,"Forests:  Temperate Western","Forests:  Mesoamerican Pine-Oak"
"California","lessca","Lesser Scaup","Aythya affinis","2012-2022","nonbreeding",-7.53,-14.7,-1.19,-20.6,-24.1,-18.1,"Wetlands:  Lakes and Rivers","Wetlands:  Freshwater Marsh"
"California","lewwoo","Lewis's Woodpecker","Melanerpes lewis","2012-2022","breeding",13,1.73,23.3,23.1,14.3,37,"Forests:  Temperate Western",NA
"California","libher","Little Blue Heron","Egretta caerulea","2012-2022","breeding",-32,-46.1,-23,-4.96,-8.65,-1,"Wetlands:  Generalist","Coasts:  Saltmarsh"
"California","linspa","Lincoln's Sparrow","Melospiza lincolnii","2012-2022","breeding",0.914,-8.93,7.45,-3.62,-7.61,5.44,"Wetlands:  Boreal","Forests:  Temperate Western"
"California","lobcur","Long-billed Curlew","Numenius americanus","2012-2022","breeding",-26.9,-31.6,-20.4,-9.91,-16.3,-4.74,"Grasslands:  Temperate",NA
"California","lobdow","Long-billed Dowitcher","Limnodromus scolopaceus","2012-2022","nonbreeding",-22,-31.5,-15.3,-18.8,-23.9,-13.2,"Wetlands:  Tundra",NA
"California","loeowl","Long-eared Owl","Asio otus","2012-2022","nonbreeding",18.6,-7.33,61,-27.2,-33.5,-15,"Forests:  Temperate Generalist",NA
"California","logshr","Loggerhead Shrike","Lanius ludovicianus","2012-2022","breeding",-17.6,-22.4,-11.5,-26.1,-28.7,-19.7,"Grasslands:  Temperate","Aridlands:  Desert Scrub"
"California","lotduc","Long-tailed Duck","Clangula hyemalis","2012-2022","nonbreeding",-16.5,-24.1,-10.1,-24.9,-31,-19.8,"Wetlands:  Tundra",NA
"California","lucwar","Lucy's Warbler","Leiothlypis luciae","2012-2022","breeding",11.5,0.336,25.6,28.1,21.7,36,"Aridlands:  Desert Riparian","Aridlands:  Desert Scrub"
"California","macwar","MacGillivray's Warbler","Geothlypis tolmiei","2012-2022","breeding",0.634,-2.33,2.52,5.71,1.67,8.98,"Forests:  Temperate Western",NA
"California","mallar3","Mallard","Anas platyrhynchos","2012-2022","breeding",-13.2,-16.2,-9.6,-12.4,-16,-9.14,"Wetlands:  Generalist",NA
"California","marmur","Marbled Murrelet","Brachyramphus marmoratus","2012-2022","year_round",-22.4,-30.2,-9.06,-27.3,-33.6,-21.2,"Forests:  Temperate Western","Coasts:  Marine Waters"
"California","marwre","Marsh Wren","Cistothorus palustris","2012-2022","breeding",-6.66,-15,6.23,13.5,8.9,18.3,"Wetlands:  Freshwater Marsh",NA
"California","mewgul2","Short-billed Gull","Larus brachyrhynchus","2012-2022","nonbreeding",-30,-35.9,-24.7,-29.4,-39.4,-19.1,"Wetlands:  Generalist",NA
"California","monpar","Monk Parakeet","Myiopsitta monachus","2012-2022","year_round",474,280,819,37,25.9,47.3,"Open Country:  Developed/Disturbed",NA
"California","moublu","Mountain Bluebird","Sialia currucoides","2012-2022","breeding",-25.3,-29.2,-19.9,-33.2,-35.9,-30.3,"Open Country:  Habitat Mosaic","Tundra:  Alpine"
"California","mouchi","Mountain Chickadee","Poecile gambeli","2012-2022","breeding",4.05,0.877,7.46,-3.64,-6,-0.432,"Forests:  Temperate Western",NA
"California","moudov","Mourning Dove","Zenaida macroura","2012-2022","breeding",-1.75,-6.63,3.63,-9.76,-12.3,-6.65,"Open Country:  Habitat Mosaic","Open Country:  Developed/Disturbed"
"California","mouqua","Mountain Quail","Oreortyx pictus","2012-2022","year_round",0.114,-6.15,6.27,3.03,-3.21,9.34,"Forests:  Temperate Western","Aridlands:  Chaparral"
"California","mutswa","Mute Swan","Cygnus olor","2012-2022","breeding",98.8,71.3,132,-2.5,-10.7,4.66,"Wetlands:  Generalist",NA
"California","naswar","Nashville Warbler","Leiothlypis ruficapilla","2012-2022","breeding",0.434,-4.65,6.84,-14.1,-17,-11.8,"Forests:  Boreal","Forests:  Temperate Western"
"California","neocor","Neotropic Cormorant","Nannopterum brasilianum","2012-2022","year_round",45.3,21.1,101,-20.5,-30,-4.34,"Wetlands:  Generalist",NA
"California","nopowl","Northern Pygmy-Owl","Glaucidium gnoma","2012-2022","year_round",-8.31,-17.6,3.33,-3.8,-12.2,5.4,"Forests:  Temperate Western","Forests:  Mesoamerican Pine-Oak"
"California","norcar","Northern Cardinal","Cardinalis cardinalis","2012-2022","year_round",13.2,-5.09,28.4,9.51,7.35,12.1,"Open Country:  Habitat Mosaic","Aridlands:  Desert Scrub"
"California","norfli","Northern Flicker","Colaptes auratus","2012-2022","breeding",-4.28,-9.56,3.49,-7.84,-10.7,-2.06,"Forests:  Generalist",NA
"California","norhar2","Northern Harrier","Circus hudsonius","2012-2022","breeding",-25.6,-35.9,-21.4,-23.8,-28.2,-20.3,"Grasslands:  Temperate","Wetlands:  Freshwater Marsh"
"California","normoc","Northern Mockingbird","Mimus polyglottos","2012-2022","breeding",9.47,5.23,14,-9.94,-11.8,-7.49,"Open Country:  Habitat Mosaic",NA
"California","norpin","Northern Pintail","Anas acuta","2012-2022","nonbreeding",-14.4,-19.3,-8.31,-10.5,-13.9,-5.28,"Wetlands:  Seasonally Wet Grasslands","Wetlands:  Tundra"
"California","norsho","Northern Shoveler","Spatula clypeata","2012-2022","nonbreeding",-10.2,-16.9,-2.91,-17.6,-22.6,-13,"Wetlands:  Seasonally Wet Grasslands","Wetlands:  Freshwater Marsh"
"California","norshr4","Northern Shrike","Lanius borealis","2012-2022","nonbreeding",-19.7,-31.8,-14.5,-30.7,-34.7,-24.7,"Forests:  Boreal","Tundra:  Arctic"
"California","nrwswa","Northern Rough-winged Swallow","Stelgidopteryx serripennis","2012-2022","breeding",-5.43,-9.19,2.92,-10.4,-13.5,-6,"Open Country Aerial:  Habitat Mosaic","Wetlands Aerial:  Lakes and Rivers"
"California","nswowl","Northern Saw-whet Owl","Aegolius acadicus","2012-2022","breeding",-9.17,-18.5,-1.06,-47.1,-52.6,-42,"Forests:  Boreal","Forests:  Temperate Western"
"California","nutwoo","Nuttall's Woodpecker","Dryobates nuttallii","2012-2022","year_round",2.49,-2.25,6.01,2.27,-2.2,6.01,"Forests:  Temperate Western",NA
"California","oaktit","Oak Titmouse","Baeolophus inornatus","2012-2022","year_round",-6.07,-8.77,-2.41,-6.73,-9.51,-3.2,"Forests:  Temperate Western",NA
"California","olsfly","Olive-sided Flycatcher","Contopus cooperi","2012-2022","breeding",3.44,-3.59,15.4,6.98,4.08,16.8,"Forests:  Boreal","Forests:  Temperate Western"
"California","orcwar","Orange-crowned Warbler","Leiothlypis celata","2012-2022","breeding",-11.8,-16.3,-6.48,-1.11,-9.99,2.34,"Forests:  Temperate Western","Forests:  Boreal"
"California","osprey","Osprey","Pandion haliaetus","2012-2022","breeding",19.2,13.2,27.9,-5.66,-6.9,-2.82,"Wetlands:  Lakes and Rivers","Coasts:  Saltmarsh"
"California","pacwre1","Pacific Wren","Troglodytes pacificus","2012-2022","breeding",-5.29,-11.5,-0.422,-5.63,-9.16,-2.07,"Forests:  Temperate Western",NA
"California","palwar","Palm Warbler","Setophaga palmarum","2012-2022","nonbreeding",-6.48,-23.1,8.46,-2.37,-5.09,0.145,"Wetlands:  Boreal",NA
"California","pelcor","Pelagic Cormorant","Urile pelagicus","2012-2022","year_round",-29.7,-36.3,-22.2,-27,-32.2,-22.3,"Coasts:  Cliffs and Islands","Coasts:  Marine Waters"
"California","perfal","Peregrine Falcon","Falco peregrinus","2012-2022","breeding",16,10.9,26.4,3.4,-2.6,9.15,"Open Country:  Habitat Mosaic","Open Country:  Developed/Disturbed"
"California","phaino","Phainopepla","Phainopepla nitens","2012-2022","year_round",-21.3,-24.8,-18,-12.4,-15.2,-8.97,"Aridlands:  Desert Scrub","Aridlands:  Desert Riparian"
"California","pibgre","Pied-billed Grebe","Podilymbus podiceps","2012-2022","breeding",-5.26,-14.4,1.3,-18.1,-22.5,-10.8,"Wetlands:  Freshwater Marsh",NA
"California","piggui","Pigeon Guillemot","Cepphus columba","2012-2022","breeding",-20.2,-26.6,-12.9,-16.4,-21.1,-10.6,"Coasts:  Cliffs and Islands","Coasts:  Marine Waters"
"California","pilwoo","Pileated Woodpecker","Dryocopus pileatus","2012-2022","year_round",-4.75,-16.4,4.14,14,11.2,18.5,"Forests:  Temperate Generalist",NA
"California","pinjay","Pinyon Jay","Gymnorhinus cyanocephalus","2012-2022","year_round",-0.272,-10.9,8.42,5.56,-1.21,11,"Forests:  Temperate Western",NA
"California","pinsis","Pine Siskin","Spinus pinus","2012-2022","breeding",-6.27,-9.79,-0.295,-1.71,-5.73,1.01,"Forests:  Boreal","Forests:  Temperate Western"
"California","plsvir","Plumbeous Vireo","Vireo plumbeus","2012-2022","breeding",4.85,-2.56,11.7,7.79,3.66,12,"Forests:  Temperate Western","Forests:  Mesoamerican Pine-Oak"
"California","prafal","Prairie Falcon","Falco mexicanus","2012-2022","breeding",6.46,-11.3,25.4,-23.3,-27.3,-18.9,"Open Country:  Habitat Mosaic","Aridlands:  Desert Scrub"
"California","purfin","Purple Finch","Haemorhous purpureus","2012-2022","breeding",-5.27,-16.2,3.76,5.98,3.07,12,"Forests:  Boreal","Forests:  Temperate Western"
"California","purmar","Purple Martin","Progne subis","2012-2022","breeding",6.59,-12.6,12.6,0.506,-4.42,4.15,"Open Country Aerial:  Habitat Mosaic","Wetlands Aerial:  Lakes and Rivers"
"California","pygnut","Pygmy Nuthatch","Sitta pygmaea","2012-2022","year_round",0.97,-6.17,7.67,4.39,-1.63,10.5,"Forests:  Temperate Western","Forests:  Mesoamerican Highland"
"California","rebmer","Red-breasted Merganser","Mergus serrator","2012-2022","nonbreeding",-15.8,-22.5,-7.87,-14.6,-30.1,3.55,"Wetlands:  Tundra","Wetlands:  Boreal"
"California","rebnut","Red-breasted Nuthatch","Sitta canadensis","2012-2022","breeding",11.3,8.13,20,10.8,8.65,14.2,"Forests:  Boreal","Forests:  Temperate Western"
"California","rebsap","Red-breasted Sapsucker","Sphyrapicus ruber","2012-2022","breeding",-10.5,-14,-6.09,-16.3,-20.5,-11.7,"Forests:  Temperate Western",NA
"California","redcro","Red Crossbill","Loxia curvirostra","2012-2022","breeding",33.9,21.2,40.9,7.56,-1.91,17.3,"Forests:  Temperate Generalist",NA
"California","redegr","Reddish Egret","Egretta rufescens","2012-2022","year_round",14.3,-10,31.7,2.19,-7.88,11.6,"Coasts:  Mangroves","Coasts:  Beach and Estuary"
"California","redhea","Redhead","Aythya americana","2012-2022","breeding",-4.95,-9.84,1.37,0.333,-8.05,7.41,"Wetlands:  Seasonally Wet Grasslands","Wetlands:  Freshwater Marsh"
"California","redkno","Red Knot","Calidris canutus","2012-2022","nonbreeding",0.856,-13.1,18.7,-14.1,-25,-6.94,"Tundra:  Arctic",NA
"California","relpar","Red-lored Parrot","Amazona autumnalis","2012-2022","year_round",23.5,3.15,55.8,49.1,40.8,58.3,"Forests:  Tropical Lowland Evergreen",NA
"California","rengre","Red-necked Grebe","Podiceps grisegena","2012-2022","nonbreeding",19.9,11.4,37.6,2.36,-2.85,8.24,"Wetlands:  Lakes and Rivers",NA
"California","rensap","Red-naped Sapsucker","Sphyrapicus nuchalis","2012-2022","breeding",-24.4,-29,-17.3,-22.1,-26.4,-18.3,"Forests:  Temperate Western",NA
"California","reshaw","Red-shouldered Hawk","Buteo lineatus","2012-2022","breeding",19.9,4.65,32.3,34,29.8,39.7,"Forests:  Temperate Eastern","Forests:  Temperate Western"
"California","rethaw","Red-tailed Hawk","Buteo jamaicensis","2012-2022","breeding",1.05,-8.62,5.47,-6.03,-9.73,-3.15,"Open Country:  Habitat Mosaic",NA
"California","rewbla","Red-winged Blackbird","Agelaius phoeniceus","2012-2022","breeding",-12,-16,-5.26,-6.22,-9,-3.04,"Open Country:  Habitat Mosaic","Wetlands:  Freshwater Marsh"
"California","ribgul","Ring-billed Gull","Larus delawarensis","2012-2022","nonbreeding",-43.1,-53.1,-33.7,-30.6,-34.4,-26.4,"Wetlands:  Generalist",NA
"California","ridrai1","Ridgway's Rail","Rallus obsoletus","2012-2022","year_round",20.3,-2.62,42.2,-0.512,-12.9,19.8,"Coasts:  Saltmarsh","Wetlands:  Freshwater Marsh"
"California","rinduc","Ring-necked Duck","Aythya collaris","2012-2022","nonbreeding",-10.5,-16.2,-3.44,-10.9,-16.1,-6.83,"Wetlands:  Boreal",NA
"California","rinphe1","Ring-necked Pheasant","Phasianus colchicus","2012-2022","year_round",-31.6,-34.3,-29.6,2.67,-0.388,7.6,"Grasslands:  Temperate",NA
"California","rocpig","Rock Pigeon","Columba livia","2012-2022","year_round",-6.8,-16.2,6.55,-19.9,-24.1,-13.5,"Open Country:  Developed/Disturbed",NA
"California","rocwre","Rock Wren","Salpinctes obsoletus","2012-2022","breeding",-16.1,-20.5,-12.1,-8.94,-13.4,-5.75,"Aridlands:  Desert Scrub",NA
"California","rolhaw","Rough-legged Hawk","Buteo lagopus","2012-2022","nonbreeding",-23.8,-29.9,-18.8,-17.1,-23,-14.7,"Tundra:  Arctic",NA
"California","royter1","Royal Tern","Thalasseus maximus","2012-2022","breeding",-10.3,-20,-2.26,7.87,1.74,15.6,"Coasts:  Beach and Estuary","Coasts:  Marine Waters"
"California","ruckin","Ruby-crowned Kinglet","Corthylio calendula","2012-2022","breeding",-13.4,-30.1,-3.11,-0.82,-8.29,4.82,"Forests:  Boreal","Forests:  Temperate Western"
"California","rucspa","Rufous-crowned Sparrow","Aimophila ruficeps","2012-2022","year_round",-2.96,-14.4,3.81,-26.8,-31.1,-22.3,"Aridlands:  Desert Scrub",NA
"California","rudduc","Ruddy Duck","Oxyura jamaicensis","2012-2022","breeding",-10.2,-16,-1.31,-8.59,-12.3,-4.83,"Wetlands:  Seasonally Wet Grasslands","Wetlands:  Freshwater Marsh"
"California","rudtur","Ruddy Turnstone","Arenaria interpres","2012-2022","nonbreeding",-48.2,-61.1,-38.9,-10.8,-16.3,-4.09,"Coasts:  Tundra","Wetlands:  Tundra"
"California","rufgro","Ruffed Grouse","Bonasa umbellus","2012-2022","year_round",0.279,-5.81,12.3,4.33,0.663,8.74,"Forests:  Temperate Generalist",NA
"California","rufhum","Rufous Hummingbird","Selasphorus rufus","2012-2022","breeding",-16.1,-22.9,-9.44,-14.5,-22.2,-5.82,"Forests:  Temperate Western",NA
"California","saggro","Greater Sage-Grouse","Centrocercus urophasianus","2012-2022","year_round",-22.5,-31.8,-12.3,-15.2,-18.3,-9.25,"Aridlands:  Sagebrush",NA
"California","sagspa1","Sagebrush Sparrow","Artemisiospiza nevadensis","2012-2022","breeding",14.8,9.56,21.5,0.641,-6.35,4.09,"Aridlands:  Sagebrush",NA
"California","sagthr","Sage Thrasher","Oreoscoptes montanus","2012-2022","breeding",-12.3,-16.5,-5.53,-24.3,-28,-18.6,"Aridlands:  Sagebrush",NA
"California","sancra","Sandhill Crane","Antigone canadensis","2012-2022","nonbreeding",-15,-21.9,-4.61,-1.05,-8.18,7.34,"Wetlands:  Generalist",NA
"California","sander","Sanderling","Calidris alba","2012-2022","nonbreeding",-32.3,-40.5,-25,-0.127,-5.17,5.42,"Tundra:  Arctic","Wetlands:  Tundra"
"California","savspa","Savannah Sparrow","Passerculus sandwichensis","2012-2022","breeding",-6.42,-18.7,4.38,-18.4,-21.8,-14.2,"Grasslands:  Temperate","Tundra:  Arctic"
"California","saypho","Say's Phoebe","Sayornis saya","2012-2022","breeding",22,13.4,30.2,13.9,5.3,17.3,"Aridlands:  Desert Scrub","Forests:  Temperate Western"
"California","scoori","Scott's Oriole","Icterus parisorum","2012-2022","breeding",-14.1,-23.9,-4.83,-11.5,-17.8,-2.21,"Forests:  Mesoamerican Pine-Oak","Aridlands:  Desert Scrub"
"California","shbdow","Short-billed Dowitcher","Limnodromus griseus","2012-2022","nonbreeding",-29.4,-38.7,-16.1,-20.5,-24.1,-14.5,"Wetlands:  Boreal",NA
"California","sheowl","Short-eared Owl","Asio flammeus","2012-2022","nonbreeding",-21.4,-38.2,-13.5,-3.8,-11.7,6.15,"Tundra:  Arctic","Grasslands:  Temperate"
"California","shshaw","Sharp-shinned Hawk","Accipiter striatus","2012-2022","breeding",-36.6,-48.2,-23.6,-41.2,-46.4,-29.3,"Forests:  Temperate Generalist",NA
"California","snoegr","Snowy Egret","Egretta thula","2012-2022","breeding",-20.7,-23.6,-16.2,-15.6,-19.6,-13.8,"Wetlands:  Generalist","Coasts:  Saltmarsh"
"California","snogoo","Snow Goose","Anser caerulescens","2012-2022","nonbreeding",64.7,47.2,87.6,33.4,24.1,54.7,"Wetlands:  Tundra","Tundra:  Arctic"
"California","snoplo5","Snowy Plover","Anarhynchus nivosus","2012-2022","breeding",8.63,-5.04,29.9,-10.8,-20.1,0.435,"Coasts:  Beach and Estuary","Wetlands:  Lakes and Rivers"
"California","sonspa","Song Sparrow","Melospiza melodia","2012-2022","breeding",-7.51,-12.8,-3.87,-2.41,-4.24,-0.633,"Open Country:  Habitat Mosaic",NA
"California","soogro1","Sooty Grouse","Dendragapus fuliginosus","2012-2022","year_round",-7.91,-20,1.96,0.482,-9.53,10.7,"Forests:  Temperate Western",NA
"California","sora","Sora","Porzana carolina","2012-2022","breeding",-14.4,-18.6,-7.62,-7.95,-13,-2.48,"Wetlands:  Freshwater Marsh",NA
"California","sposan","Spotted Sandpiper","Actitis macularius","2012-2022","breeding",13.9,5.02,22.1,5.63,-4.21,12.4,"Wetlands:  Generalist",NA
"California","spotow","Spotted Towhee","Pipilo maculatus","2012-2022","breeding",-9.91,-11.8,-7.23,2.12,-0.949,7.03,"Forests:  Temperate Western","Forests:  Mesoamerican Pine-Oak"
"California","stejay","Steller's Jay","Cyanocitta stelleri","2012-2022","year_round",3.66,0.722,8.76,10.2,6.78,16.1,"Forests:  Temperate Western","Forests:  Mesoamerican Highland"
"California","sumtan","Summer Tanager","Piranga rubra","2012-2022","breeding",8.63,-3.4,17.9,22.6,17.5,26.3,"Forests:  Temperate Eastern",NA
"California","surfbi","Surfbird","Calidris virgata","2012-2022","nonbreeding",-44.6,-51,-33.8,-16.4,-35.1,5.55,"Tundra:  Alpine",NA
"California","sursco","Surf Scoter","Melanitta perspicillata","2012-2022","nonbreeding",-4.21,-14,5.4,-19.6,-25.9,-13.6,"Wetlands:  Boreal",NA
"California","swahaw","Swainson's Hawk","Buteo swainsoni","2012-2022","breeding",4.18,-0.864,21.7,2.78,-0.0925,9.4,"Grasslands:  Temperate",NA
"California","swathr","Swainson's Thrush","Catharus ustulatus","2012-2022","breeding",5.59,-0.407,9.92,-7.02,-9.4,-4.21,"Forests:  Boreal","Forests:  Temperate Western"
"California","towsol","Townsend's Solitaire","Myadestes townsendi","2012-2022","breeding",3.91,1.64,14.3,20,9.61,34.9,"Forests:  Temperate Western",NA
"California","towwar","Townsend's Warbler","Setophaga townsendi","2012-2022","breeding",23.3,8.71,42.7,0.47,-2.47,8.05,"Forests:  Temperate Western",NA
"California","treswa","Tree Swallow","Tachycineta bicolor","2012-2022","breeding",-10.3,-13.1,-7.06,-13.4,-16.5,-9.79,"Wetlands Aerial:  Generalist",NA
"California","tribla","Tricolored Blackbird","Agelaius tricolor","2012-2022","year_round",-34.2,-38.1,-28.9,-34.6,-38.4,-29.4,"Wetlands:  Freshwater Marsh",NA
"California","truswa","Trumpeter Swan","Cygnus buccinator","2012-2022","nonbreeding",60.9,48.5,78.8,47.9,40.4,56.6,"Wetlands:  Lakes and Rivers","Wetlands:  Freshwater Marsh"
"California","tunswa","Tundra Swan","Cygnus columbianus","2012-2022","nonbreeding",-5.04,-11,1.69,-27.3,-32.5,-21,"Wetlands:  Tundra",NA
"California","turvul","Turkey Vulture","Cathartes aura","2012-2022","breeding",15.1,11.3,21.1,11.5,8.12,15.1,"Open Country:  Habitat Mosaic",NA
"California","varthr","Varied Thrush","Ixoreus naevius","2012-2022","breeding",-17.4,-27.5,-9.29,-1.12,-5.33,2.24,"Forests:  Temperate Western",NA
"California","vauswi","Vaux's Swift","Chaetura vauxi","2012-2022","breeding",-12.9,-25.2,-5.86,-15.8,-20.5,-11.1,"Forest Aerial:  Temperate Western","Forests Aerial:  Mesoamerican Highland"
"California","verdin","Verdin","Auriparus flaviceps","2012-2022","year_round",-27.6,-36.7,-19.2,-5.16,-9.86,-0.569,"Aridlands:  Desert Scrub",NA
"California","verfly","Vermilion Flycatcher","Pyrocephalus rubinus","2012-2022","breeding",42.4,29.6,62.4,3.62,-0.427,7.67,"Open Country:  Habitat Mosaic",NA
"California","vesspa","Vesper Sparrow","Pooecetes gramineus","2012-2022","breeding",-6.6,-18.1,2.62,-17.5,-20.9,-12.5,"Grasslands:  Temperate",NA
"California","vigswa","Violet-green Swallow","Tachycineta thalassina","2012-2022","breeding",-8.2,-12.1,-4.37,-8.55,-10.9,-6.16,"Forest Aerial:  Temperate Western","Forests Aerial:  Mesoamerican Pine-Oak"
"California","virrai","Virginia Rail","Rallus limicola","2012-2022","breeding",0.946,-9.42,7.99,13.4,2.48,24.7,"Wetlands:  Freshwater Marsh",NA
"California","virwar","Virginia's Warbler","Leiothlypis virginiae","2012-2022","breeding",-28.4,-39.1,-16,-10.4,-16.7,-2.79,"Forests:  Temperate Western",NA
"California","warvir","Warbling Vireo","Vireo gilvus","2012-2022","breeding",12.2,5.87,19.5,18.2,15.4,23,"Forests:  Temperate Eastern","Forests:  Temperate Western"
"California","wesblu","Western Bluebird","Sialia mexicana","2012-2022","breeding",0.62,-3.64,3.58,-21.8,-23.8,-18.2,"Forests:  Temperate Western","Forests:  Mesoamerican Pine-Oak"
"California","wesfly","Western Flycatcher","Empidonax difficilis","2012-2022","breeding",0.865,-2.8,7.51,8.75,4.3,12.7,"Forests:  Temperate Western",NA
"California","wesgre","Western Grebe","Aechmophorus occidentalis","2012-2022","breeding",-17.6,-25.2,-11.6,-15.6,-20.7,-8.71,"Wetlands:  Freshwater Marsh",NA
"California","wesgul","Western Gull","Larus occidentalis","2012-2022","year_round",-22.2,-28.6,-16.2,-17.7,-24.8,-11.2,"Coasts:  Cliffs and Islands","Coasts:  Marine Waters"
"California","weskin","Western Kingbird","Tyrannus verticalis","2012-2022","breeding",-14,-17.5,-11.2,-17,-20.6,-13,"Grasslands:  Temperate","Aridlands:  Desert Scrub"
"California","wesmea","Western Meadowlark","Sturnella neglecta","2012-2022","breeding",-21.9,-24.7,-13.6,-8.13,-10.1,-4.59,"Grasslands:  Temperate",NA
"California","wesowl1","Western Screech-Owl","Megascops kennicottii","2012-2022","year_round",-19.7,-24.7,-5.42,-11,-21.6,5.26,"Forests:  Temperate Western","Aridlands:  Desert Riparian"
"California","wessan","Western Sandpiper","Calidris mauri","2012-2022","nonbreeding",-11,-26.9,0.357,-3.6,-8.91,5.48,"Wetlands:  Tundra",NA
"California","westan","Western Tanager","Piranga ludoviciana","2012-2022","breeding",0.509,-2.51,4.61,6.22,4.02,9.55,"Forests:  Temperate Western",NA
"California","wewpew","Western Wood-Pewee","Contopus sordidulus","2012-2022","breeding",-1.14,-3.67,2.15,3.39,1.92,5.78,"Forests:  Temperate Western","Forests:  Mesoamerican Pine-Oak"
"California","whbnut","White-breasted Nuthatch","Sitta carolinensis","2012-2022","year_round",11.7,3.18,18.7,13.2,10.4,16.1,"Forests:  Temperate Eastern","Forests:  Temperate Western"
"California","whcspa","White-crowned Sparrow","Zonotrichia leucophrys","2012-2022","breeding",-7.79,-12.3,-3.45,-3.25,-6.39,2.1,"Tundra:  Arctic","Forests:  Boreal"
"California","whfibi","White-faced Ibis","Plegadis chihi","2012-2022","breeding",11.9,5.19,24.1,1.72,-4.66,5.84,"Wetlands:  Freshwater Marsh",NA
"California","whhwoo","White-headed Woodpecker","Dryobates albolarvatus","2012-2022","year_round",8.46,2.45,16.4,4.89,-0.873,9.81,"Forests:  Temperate Western",NA
"California","whtkit","White-tailed Kite","Elanus leucurus","2012-2022","year_round",-38.8,-42.8,-34.9,-31.3,-35.2,-25.7,"Open Country:  Habitat Mosaic",NA
"California","whtspa","White-throated Sparrow","Zonotrichia albicollis","2012-2022","breeding",8.95,-31.4,53.4,-2.17,-5.2,1.73,"Forests:  Boreal",NA
"California","whtswi","White-throated Swift","Aeronautes saxatalis","2012-2022","breeding",3.05,-2.08,6.72,-1.96,-5.96,1.08,"Open Country Aerial:  Habitat Mosaic",NA
"California","whwdov","White-winged Dove","Zenaida asiatica","2012-2022","breeding",1.67,-7.17,11.7,7.52,4.48,12,"Aridlands:  Desert Scrub","Forests:  Tropical Dry"
"California","whwsco2","White-winged Scoter","Melanitta deglandi","2012-2022","nonbreeding",35.6,14.5,50.8,-17.9,-37,7.08,"Wetlands:  Lakes and Rivers",NA
"California","wilfly","Willow Flycatcher","Empidonax traillii","2012-2022","breeding",1.18,-6.37,4.41,-0.661,-3.46,3.82,"Open Country:  Habitat Mosaic","Forests:  Temperate Western"
"California","willet1","Willet","Tringa semipalmata","2012-2022","breeding",-31.8,-39.3,-23.8,-3.68,-6.32,-0.302,"Wetlands:  Seasonally Wet Grasslands","Coasts:  Saltmarsh"
"California","wilsap","Williamson's Sapsucker","Sphyrapicus thyroideus","2012-2022","breeding",-18.9,-30.7,-13.6,-23.9,-29.5,-19.6,"Forests:  Temperate Western",NA
"California","wilsni1","Wilson's Snipe","Gallinago delicata","2012-2022","breeding",5.68,-0.27,17.1,11.5,6.9,17.1,"Wetlands:  Generalist",NA
"California","wiltur","Wild Turkey","Meleagris gallopavo","2012-2022","year_round",25.4,14.4,45.9,-2.47,-6.02,6.52,"Forests:  Temperate Generalist",NA
"California","wlswar","Wilson's Warbler","Cardellina pusilla","2012-2022","breeding",-9.17,-19.3,1.22,-17.9,-20.8,-9.65,"Forests:  Boreal","Forests:  Temperate Western"
"California","wooduc","Wood Duck","Aix sponsa","2012-2022","breeding",3.64,-3.95,12.7,5.11,0.495,9.26,"Wetlands:  Forested","Forests:  Temperate Eastern"
"California","wooscj2","Woodhouse's Scrub-Jay","Aphelocoma woodhouseii","2012-2022","year_round",8.76,-7.38,34.4,14.8,10.9,18.8,"Forests:  Temperate Western","Aridlands:  Chaparral"
"California","wrenti","Wrentit","Chamaea fasciata","2012-2022","year_round",-3.63,-6.25,0.158,-0.772,-3.52,2.98,"Aridlands:  Chaparral",NA
"California","y00475","American Coot","Fulica americana","2012-2022","breeding",-30.3,-34.7,-24,-37.2,-39.4,-33.8,"Wetlands:  Freshwater Marsh",NA
"California","y00478","Iceland Gull","Larus glaucoides","2012-2022","nonbreeding",-14.3,-21.8,-6.85,-23.2,-31.2,-16.8,"Coasts:  Cliffs and Islands","Coasts:  Marine Waters"
"California","ycnher","Yellow-crowned Night Heron","Nyctanassa violacea","2012-2022","breeding",-0.629,-10.6,14.5,-6.2,-10.1,-2.64,"Wetlands:  Generalist","Coasts:  Mangroves"
"California","yebcha","Yellow-breasted Chat","Icteria virens","2012-2022","breeding",22.7,11.9,29.7,8.32,4.83,12.6,"Forests:  Temperate Eastern","Forests:  Temperate Western"
"California","yebcuc","Yellow-billed Cuckoo","Coccyzus americanus","2012-2022","breeding",14.4,3.76,29.8,19.3,14.7,25.9,"Forests:  Temperate Eastern",NA
"California","yebmag","Yellow-billed Magpie","Pica nuttalli","2012-2022","year_round",-18.5,-21.6,-14.9,-18.5,-21.6,-14.9,"Forests:  Temperate Western",NA
"California","yehbla","Yellow-headed Blackbird","Xanthocephalus xanthocephalus","2012-2022","breeding",-4.25,-12.9,3.13,2.94,-3.28,6.95,"Wetlands:  Freshwater Marsh",NA
"California","yelwar","Yellow Warbler","Setophaga petechia","2012-2022","breeding",4.26,-0.413,7.46,0.782,-1.45,2.83,"Forests:  Temperate Generalist","Wetlands:  Generalist"
"California","yerwar","Yellow-rumped Warbler","Setophaga coronata","2012-2022","breeding",-5.78,-9.13,-1.67,-9.56,-12.3,-7.61,"Forests:  Boreal","Forests:  Temperate Western"
"California","zothaw","Zone-tailed Hawk","Buteo albonotatus","2012-2022","breeding",2.8,-7.11,15.7,7.46,1.79,11.4,"Forests:  Tropical Generalist",NA
